{"stats":{"minecraft:picked_up":{"minecraft:beef":1},"minecraft:custom":{"minecraft:jump":27,"minecraft:time_since_rest":3916,"minecraft:damage_dealt":100,"minecraft:play_one_minute":3916,"minecraft:leave_game":3,"minecraft:sprint_one_cm":3570,"minecraft:time_since_death":3916,"minecraft:walk_one_cm":947,"minecraft:mob_kills":1,"minecraft:fall_one_cm":209,"minecraft:fly_one_cm":5373},"minecraft:killed":{"minecraft:cow":1},"minecraft:mined":{"minecraft:tall_grass":1,"minecraft:grass":7}},"DataVersion":2586}