{"stats":{"minecraft:crafted":{"minecraft:oak_planks":12,"minecraft:crafting_table":1,"minecraft:stick":8},"minecraft:custom":{"minecraft:time_since_rest":5122,"minecraft:play_one_minute":5122,"minecraft:crouch_one_cm":311,"minecraft:sprint_one_cm":7337,"minecraft:walk_one_cm":2052,"minecraft:sneak_time":157,"minecraft:mob_kills":1,"minecraft:jump":41,"minecraft:damage_dealt":100,"minecraft:leave_game":4,"minecraft:time_since_death":5122,"minecraft:interact_with_crafting_table":1,"minecraft:fall_one_cm":1105,"minecraft:fly_one_cm":9728},"minecraft:used":{"minecraft:crafting_table":1},"minecraft:killed":{"minecraft:cow":1},"minecraft:picked_up":{"minecraft:beef":1,"minecraft:oak_log":3},"minecraft:mined":{"minecraft:grass":9,"minecraft:oak_log":3,"minecraft:tall_grass":2,"minecraft:oak_leaves":1}},"DataVersion":2586}