{"stats":{"minecraft:picked_up":{"pixelmon:kuo_berry":4,"pixelmon:white_apricorn":6,"pixelmon:blue_apricorn":6,"pixelmon:belue_berry":5},"minecraft:custom":{"minecraft:jump":175,"minecraft:open_chest":1,"minecraft:time_since_rest":13328,"minecraft:crouch_one_cm":1566,"minecraft:play_one_minute":13328,"minecraft:sprint_one_cm":28898,"minecraft:damage_taken":20,"minecraft:time_since_death":13328,"minecraft:walk_one_cm":29470,"minecraft:sneak_time":680,"minecraft:interact_with_crafting_table":1,"minecraft:fall_one_cm":7051,"minecraft:fly_one_cm":43641,"minecraft:open_barrel":4}},"DataVersion":2586}