{"stats":{"minecraft:mined":{"minecraft:grass":2},"minecraft:custom":{"minecraft:jump":93,"minecraft:time_since_rest":9236,"minecraft:damage_dealt":10,"minecraft:crouch_one_cm":733,"minecraft:play_one_minute":9236,"minecraft:walk_on_water_one_cm":757,"minecraft:sprint_one_cm":10924,"minecraft:damage_taken":10,"minecraft:time_since_death":9236,"minecraft:walk_one_cm":27405,"minecraft:sneak_time":206,"minecraft:walk_under_water_one_cm":807,"minecraft:swim_one_cm":1029,"minecraft:fall_one_cm":2692,"minecraft:fly_one_cm":19054}},"DataVersion":2586}