{"stats":{"minecraft:killed_by":{"minecraft:player":1},"minecraft:custom":{"minecraft:jump":54,"minecraft:open_chest":1,"minecraft:time_since_rest":549,"minecraft:leave_game":1,"minecraft:play_one_minute":2103,"minecraft:deaths":1,"minecraft:walk_on_water_one_cm":350,"minecraft:sprint_one_cm":7236,"minecraft:damage_taken":280,"minecraft:time_since_death":496,"minecraft:walk_one_cm":2145,"minecraft:walk_under_water_one_cm":220,"minecraft:swim_one_cm":2459,"minecraft:fall_one_cm":2279,"minecraft:fly_one_cm":14590}},"DataVersion":2586}