{"stats":{"minecraft:used":{"minecraft:wooden_axe":12,"minecraft:bread":12,"minecraft:wooden_pickaxe":1,"minecraft:dirt":1},"minecraft:custom":{"minecraft:time_since_rest":14563,"minecraft:damage_taken":250,"minecraft:sprint_one_cm":214548,"minecraft:walk_one_cm":164674,"minecraft:drop":24,"minecraft:interact_with_cartography_table":1,"minecraft:interact_with_crafting_table":1,"minecraft:tune_noteblock":1,"minecraft:fly_one_cm":205757,"minecraft:open_barrel":33,"minecraft:open_chest":25,"minecraft:play_one_minute":53364,"minecraft:crouch_one_cm":6691,"minecraft:sneak_time":2034,"minecraft:jump":1004,"minecraft:leave_game":2,"minecraft:time_since_death":53364,"minecraft:walk_on_water_one_cm":142,"minecraft:sleep_in_bed":1,"minecraft:climb_one_cm":2905,"minecraft:fall_one_cm":23917},"minecraft:picked_up":{"pixelmon:salac_berry":1,"pixelmon:poke_ball_lid":2,"pixelmon:kasib_berry":1,"pixelmon:xs_exp_candy":1,"pixelmon:casteliacone":2,"pixelmon:coba_berry":1,"minecraft:spruce_fence":2,"sophisticatedbackpacks:backpack":1,"pixelmon:poke_ball":2,"tcg:essence_jar":1,"minecraft:stone_button":2,"minecraft:spruce_sapling":1,"minecraft:spruce_log":1,"pixelmon:aluminum_base":1,"pixelmon:charti_berry":1,"minecraft:dirt":1,"minecraft:lantern":1,"pixelmon:super_potion":1,"pixelmon:platinum_base":1,"pixelmon:lure_casing_strong":1,"minecraft:wheat_seeds":5,"minecraft:painting":2,"pixelmon:pixelmon_sprite":1,"minecraft:sugar_cane":1},"minecraft:mined":{"pixelmon:berry_plant_salac":1,"pixelmon:berry_plant_coba":1,"pixelmon:berry_plant_charti":1,"minecraft:spruce_log":1,"pixelmon:berry_plant_kasib":1,"tcg:essence_jar":1,"minecraft:grass":16,"minecraft:grass_block":1,"minecraft:spruce_fence":2,"minecraft:tall_grass":11,"minecraft:spruce_leaves":23},"minecraft:dropped":{"pixelmon:poke_ball_lid":1,"minecraft:stone_button":1,"pixelmon:platinum_base":1,"sophisticatedbackpacks:backpack":1,"pixelmon:poke_ball":20}},"DataVersion":2586}