{"stats":{"minecraft:picked_up":{"pixelmon:poke_ball_lid":2,"minecraft:enchanting_table":1,"minecraft:crafting_table":1,"minecraft:cut_sandstone":2,"pixelmon:casteliacone":2,"pixelmon:coba_berry":1,"pixelmon:poke_ball":12,"pixelmon:razz_berry":1,"tcg:essence_jar":1,"minecraft:oak_log":5,"pixelmon:aluminum_base":1,"minecraft:dirt":11,"minecraft:lantern":1,"pixelmon:super_potion":1,"pixelmon:platinum_base":1,"minecraft:orange_terracotta":3,"pixelmon:lure_casing_strong":1,"minecraft:wheat_seeds":5,"pixelmon:wepear_berry":1,"minecraft:dark_oak_sign":1,"pixelmon:pixelmon_sprite":1,"minecraft:poppy":1,"minecraft:sugar_cane":1,"pixelmon:salac_berry":1,"minecraft:stick":3,"minecraft:sandstone":13,"minecraft:sweet_berries":48,"pixelmon:kasib_berry":1,"pixelmon:xs_exp_candy":1,"pixelmon:energy_root":5,"sophisticatedbackpacks:backpack":1,"minecraft:spruce_fence":2,"pixelmon:cooking_pot":1,"minecraft:sandstone_wall":1,"minecraft:sand":4,"minecraft:stone_button":2,"minecraft:spruce_sapling":1,"minecraft:spruce_log":1,"pixelmon:charti_berry":1,"pixelmon:choice_band":1,"minecraft:stone_pressure_plate":1,"minecraft:painting":2,"pixelmon:cheri_berry":1,"minecraft:oak_sapling":1,"pixelmon:rawst_berry":2,"minecraft:cobblestone":5},"minecraft:used":{"minecraft:oak_planks":4,"minecraft:wooden_pickaxe":35,"minecraft:sandstone":13,"minecraft:dirt":4,"minecraft:crafting_table":1,"minecraft:wooden_axe":22,"minecraft:iron_pickaxe":12,"minecraft:bread":44,"minecraft:cobblestone":5},"minecraft:dropped":{"pixelmon:energy_root":4,"pixelmon:poke_ball_lid":1,"pixelmon:rawst_berry":2,"minecraft:sweet_berries":48,"pixelmon:amethyst":2,"minecraft:dark_oak_sign":1,"sophisticatedbackpacks:backpack":1,"minecraft:salmon":17,"minecraft:coal":1,"minecraft:cod":6,"minecraft:poppy":1,"minecraft:dirt":4,"pixelmon:raw_black_tumblestone":4,"minecraft:stone_button":1,"pixelmon:raw_tumblestone":3,"pixelmon:platinum_base":1,"minecraft:stone_pressure_plate":1,"minecraft:barrel":7,"minecraft:sand":2,"minecraft:wooden_pickaxe":1,"pixelmon:poke_ball":20},"minecraft:crafted":{"minecraft:oak_planks":20,"minecraft:crafting_table":1,"minecraft:stick":24,"minecraft:iron_pickaxe":1},"minecraft:mined":{"pixelmon:berry_plant_salac":1,"minecraft:cut_sandstone":5,"minecraft:stone_pressure_plate":1,"minecraft:orange_terracotta":3,"pixelmon:berry_plant_wepear":1,"minecraft:crafting_table":1,"tcg:essence_jar":1,"pixelmon:berry_plant_cheri":1,"pixelmon:berry_plant_razz":1,"minecraft:grass_block":6,"minecraft:spruce_fence":2,"minecraft:chest":1,"minecraft:dead_bush":1,"minecraft:tall_grass":11,"pixelmon:berry_plant_rawst":1,"minecraft:spruce_leaves":41,"minecraft:sandstone":13,"minecraft:large_fern":2,"minecraft:coarse_dirt":1,"pixelmon:berry_plant_coba":1,"pixelmon:berry_plant_charti":1,"minecraft:barrel":1,"minecraft:sweet_berry_bush":5,"minecraft:spruce_log":1,"minecraft:tnt":9,"pixelmon:berry_plant_kasib":1,"minecraft:enchanting_table":1,"minecraft:grass":20,"minecraft:oak_log":5,"minecraft:sand":4,"minecraft:dirt":3,"minecraft:sandstone_wall":1,"minecraft:spruce_wood":4,"minecraft:stone":5,"minecraft:oak_leaves":10,"minecraft:fern":2},"minecraft:custom":{"minecraft:interact_with_crafting_table":2,"minecraft:interact_with_cartography_table":1,"minecraft:tune_noteblock":1,"minecraft:open_barrel":73,"minecraft:play_one_minute":194535,"minecraft:interact_with_grindstone":1,"minecraft:leave_game":8,"minecraft:time_since_death":194535,"minecraft:sleep_in_bed":2,"minecraft:climb_one_cm":15163,"minecraft:time_since_rest":39818,"minecraft:sprint_one_cm":661269,"minecraft:damage_taken":1102,"minecraft:trigger_trapped_chest":1,"minecraft:walk_one_cm":426945,"minecraft:drop":94,"minecraft:swim_one_cm":224384,"minecraft:fly_one_cm":800524,"minecraft:open_chest":84,"minecraft:crouch_one_cm":9191,"minecraft:sneak_time":2956,"minecraft:walk_under_water_one_cm":39401,"minecraft:jump":3556,"minecraft:walk_on_water_one_cm":30148,"minecraft:fall_one_cm":96200}},"DataVersion":2586}