{"stats":{"minecraft:mined":{"pixelmon:berry_plant_salac":1,"minecraft:cut_sandstone":5,"minecraft:stone_pressure_plate":1,"pixelmon:berry_plant_coba":1,"pixelmon:berry_plant_charti":1,"minecraft:spruce_log":1,"minecraft:orange_terracotta":3,"minecraft:tnt":9,"pixelmon:berry_plant_kasib":1,"tcg:essence_jar":1,"minecraft:grass":17,"minecraft:grass_block":2,"minecraft:spruce_fence":2,"minecraft:dead_bush":1,"minecraft:sand":2,"minecraft:dirt":2,"minecraft:sandstone_wall":1,"minecraft:tall_grass":11,"minecraft:spruce_wood":2,"minecraft:spruce_leaves":23,"minecraft:sandstone":13,"minecraft:oak_leaves":3},"minecraft:picked_up":{"pixelmon:salac_berry":1,"pixelmon:poke_ball_lid":2,"minecraft:stick":1,"minecraft:sandstone":13,"pixelmon:kasib_berry":1,"pixelmon:xs_exp_candy":1,"minecraft:cut_sandstone":2,"pixelmon:casteliacone":2,"pixelmon:coba_berry":1,"minecraft:spruce_fence":2,"sophisticatedbackpacks:backpack":1,"pixelmon:poke_ball":12,"minecraft:sandstone_wall":1,"tcg:essence_jar":1,"minecraft:sand":2,"minecraft:stone_button":2,"minecraft:spruce_sapling":1,"minecraft:spruce_log":1,"pixelmon:charti_berry":1,"pixelmon:aluminum_base":1,"minecraft:dirt":4,"minecraft:stone_pressure_plate":1,"minecraft:lantern":1,"pixelmon:super_potion":1,"minecraft:orange_terracotta":3,"pixelmon:platinum_base":1,"pixelmon:lure_casing_strong":1,"minecraft:wheat_seeds":5,"minecraft:painting":2,"pixelmon:pixelmon_sprite":1,"minecraft:oak_sapling":1,"minecraft:sugar_cane":1},"minecraft:dropped":{"pixelmon:poke_ball_lid":1,"minecraft:stone_button":1,"pixelmon:platinum_base":1,"minecraft:stone_pressure_plate":1,"sophisticatedbackpacks:backpack":1,"pixelmon:poke_ball":20},"minecraft:used":{"minecraft:wooden_axe":14,"minecraft:bread":27,"minecraft:wooden_pickaxe":35,"minecraft:sandstone":13,"minecraft:dirt":1},"minecraft:custom":{"minecraft:time_since_rest":80692,"minecraft:damage_taken":600,"minecraft:sprint_one_cm":401548,"minecraft:walk_one_cm":283513,"minecraft:drop":25,"minecraft:swim_one_cm":88411,"minecraft:interact_with_cartography_table":1,"minecraft:interact_with_crafting_table":1,"minecraft:play_one_minute":119493,"minecraft:fly_one_cm":504913,"minecraft:tune_noteblock":1,"minecraft:open_barrel":53,"minecraft:open_chest":50,"minecraft:crouch_one_cm":7907,"minecraft:sneak_time":2577,"minecraft:walk_under_water_one_cm":7794,"minecraft:jump":2206,"minecraft:leave_game":6,"minecraft:time_since_death":119493,"minecraft:walk_on_water_one_cm":9876,"minecraft:sleep_in_bed":1,"minecraft:climb_one_cm":5678,"minecraft:fall_one_cm":59850}},"DataVersion":2586}