{"stats":{"minecraft:mined":{"minecraft:cut_sandstone":5,"pixelmon:berry_plant_salac":1,"minecraft:stone_pressure_plate":1,"minecraft:orange_terracotta":3,"tcg:essence_jar":1,"minecraft:grass_block":2,"minecraft:spruce_fence":2,"minecraft:chest":1,"minecraft:dead_bush":1,"minecraft:tall_grass":11,"minecraft:spruce_leaves":23,"minecraft:sandstone":13,"pixelmon:berry_plant_coba":1,"minecraft:barrel":1,"pixelmon:berry_plant_charti":1,"minecraft:spruce_log":1,"minecraft:tnt":9,"pixelmon:berry_plant_kasib":1,"minecraft:grass":17,"minecraft:sand":2,"minecraft:dirt":2,"minecraft:sandstone_wall":1,"minecraft:spruce_wood":2,"minecraft:oak_leaves":4},"minecraft:picked_up":{"pixelmon:poke_ball_lid":2,"minecraft:cut_sandstone":2,"pixelmon:casteliacone":2,"pixelmon:coba_berry":1,"pixelmon:poke_ball":12,"tcg:essence_jar":1,"pixelmon:aluminum_base":1,"minecraft:dirt":4,"minecraft:lantern":1,"pixelmon:super_potion":1,"pixelmon:platinum_base":1,"minecraft:orange_terracotta":3,"pixelmon:lure_casing_strong":1,"minecraft:wheat_seeds":5,"pixelmon:pixelmon_sprite":1,"minecraft:sugar_cane":1,"pixelmon:salac_berry":1,"minecraft:stick":1,"minecraft:sandstone":13,"pixelmon:kasib_berry":1,"pixelmon:xs_exp_candy":1,"sophisticatedbackpacks:backpack":1,"minecraft:spruce_fence":2,"minecraft:sandstone_wall":1,"minecraft:sand":2,"minecraft:stone_button":2,"minecraft:spruce_sapling":1,"minecraft:spruce_log":1,"pixelmon:charti_berry":1,"minecraft:stone_pressure_plate":1,"minecraft:painting":2,"minecraft:oak_sapling":1},"minecraft:dropped":{"pixelmon:poke_ball_lid":1,"pixelmon:amethyst":2,"sophisticatedbackpacks:backpack":1,"minecraft:salmon":17,"minecraft:coal":1,"minecraft:cod":6,"pixelmon:raw_black_tumblestone":4,"minecraft:stone_button":1,"pixelmon:raw_tumblestone":3,"pixelmon:platinum_base":1,"minecraft:stone_pressure_plate":1,"minecraft:barrel":7,"pixelmon:poke_ball":20},"minecraft:used":{"minecraft:wooden_pickaxe":35,"minecraft:sandstone":13,"minecraft:dirt":1,"minecraft:wooden_axe":14,"minecraft:bread":27},"minecraft:custom":{"minecraft:interact_with_crafting_table":1,"minecraft:interact_with_cartography_table":1,"minecraft:tune_noteblock":1,"minecraft:open_barrel":61,"minecraft:play_one_minute":130997,"minecraft:leave_game":7,"minecraft:time_since_death":130997,"minecraft:sleep_in_bed":1,"minecraft:climb_one_cm":6770,"minecraft:time_since_rest":92196,"minecraft:sprint_one_cm":443429,"minecraft:damage_taken":630,"minecraft:walk_one_cm":311195,"minecraft:drop":32,"minecraft:swim_one_cm":108245,"minecraft:fly_one_cm":535545,"minecraft:open_chest":66,"minecraft:crouch_one_cm":7907,"minecraft:sneak_time":2577,"minecraft:walk_under_water_one_cm":9639,"minecraft:jump":2343,"minecraft:walk_on_water_one_cm":13025,"minecraft:fall_one_cm":61579}},"DataVersion":2586}