{"stats":{"minecraft:used":{"minecraft:wooden_axe":12,"minecraft:bread":18,"minecraft:wooden_pickaxe":35,"minecraft:sandstone":13,"minecraft:dirt":1},"minecraft:custom":{"minecraft:time_since_rest":35699,"minecraft:damage_taken":370,"minecraft:sprint_one_cm":274037,"minecraft:walk_one_cm":208053,"minecraft:drop":25,"minecraft:swim_one_cm":1779,"minecraft:interact_with_cartography_table":1,"minecraft:interact_with_crafting_table":1,"minecraft:tune_noteblock":1,"minecraft:fly_one_cm":320607,"minecraft:open_barrel":46,"minecraft:open_chest":43,"minecraft:play_one_minute":74500,"minecraft:crouch_one_cm":6699,"minecraft:sneak_time":2100,"minecraft:walk_under_water_one_cm":954,"minecraft:jump":1419,"minecraft:leave_game":3,"minecraft:time_since_death":74500,"minecraft:walk_on_water_one_cm":897,"minecraft:sleep_in_bed":1,"minecraft:climb_one_cm":3972,"minecraft:fall_one_cm":36642},"minecraft:picked_up":{"pixelmon:salac_berry":1,"pixelmon:poke_ball_lid":2,"minecraft:sandstone":13,"pixelmon:kasib_berry":1,"pixelmon:xs_exp_candy":1,"minecraft:cut_sandstone":2,"pixelmon:casteliacone":2,"pixelmon:coba_berry":1,"minecraft:spruce_fence":2,"sophisticatedbackpacks:backpack":1,"pixelmon:poke_ball":7,"minecraft:sandstone_wall":1,"minecraft:sand":2,"tcg:essence_jar":1,"minecraft:stone_button":2,"minecraft:spruce_sapling":1,"minecraft:spruce_log":1,"minecraft:stone_pressure_plate":1,"pixelmon:aluminum_base":1,"pixelmon:charti_berry":1,"minecraft:dirt":2,"minecraft:lantern":1,"pixelmon:super_potion":1,"minecraft:orange_terracotta":3,"pixelmon:platinum_base":1,"pixelmon:lure_casing_strong":1,"minecraft:wheat_seeds":5,"minecraft:painting":2,"pixelmon:pixelmon_sprite":1,"minecraft:oak_sapling":1,"minecraft:sugar_cane":1},"minecraft:mined":{"minecraft:cut_sandstone":5,"pixelmon:berry_plant_salac":1,"minecraft:stone_pressure_plate":1,"pixelmon:berry_plant_coba":1,"pixelmon:berry_plant_charti":1,"minecraft:orange_terracotta":3,"minecraft:spruce_log":1,"minecraft:tnt":9,"pixelmon:berry_plant_kasib":1,"tcg:essence_jar":1,"minecraft:grass":16,"minecraft:grass_block":2,"minecraft:spruce_fence":2,"minecraft:sand":2,"minecraft:sandstone_wall":1,"minecraft:tall_grass":11,"minecraft:spruce_leaves":23,"minecraft:oak_leaves":3,"minecraft:sandstone":13},"minecraft:dropped":{"pixelmon:poke_ball_lid":1,"minecraft:stone_button":1,"minecraft:stone_pressure_plate":1,"pixelmon:platinum_base":1,"sophisticatedbackpacks:backpack":1,"pixelmon:poke_ball":20}},"DataVersion":2586}