{"stats":{"minecraft:dropped":{"pixelmon:poke_ball_lid":1,"minecraft:stone_button":1,"pixelmon:platinum_base":1,"sophisticatedbackpacks:backpack":1,"pixelmon:poke_ball":20},"minecraft:used":{"minecraft:wooden_axe":5,"minecraft:bread":6,"minecraft:wooden_pickaxe":1,"minecraft:dirt":1},"minecraft:picked_up":{"pixelmon:salac_berry":1,"pixelmon:poke_ball_lid":1,"pixelmon:kasib_berry":1,"pixelmon:xs_exp_candy":1,"pixelmon:coba_berry":1,"minecraft:spruce_fence":1,"sophisticatedbackpacks:backpack":1,"pixelmon:poke_ball":2,"tcg:essence_jar":1,"minecraft:stone_button":1,"pixelmon:charti_berry":1,"minecraft:dirt":1,"minecraft:lantern":1,"pixelmon:super_potion":1,"pixelmon:platinum_base":1,"pixelmon:lure_casing_strong":1,"minecraft:painting":2,"pixelmon:pixelmon_sprite":1},"minecraft:custom":{"minecraft:time_since_rest":34666,"minecraft:damage_taken":120,"minecraft:sprint_one_cm":145146,"minecraft:walk_one_cm":111622,"minecraft:drop":24,"minecraft:interact_with_crafting_table":1,"minecraft:interact_with_cartography_table":1,"minecraft:tune_noteblock":1,"minecraft:fly_one_cm":174004,"minecraft:open_barrel":28,"minecraft:open_chest":16,"minecraft:crouch_one_cm":4414,"minecraft:play_one_minute":34666,"minecraft:sneak_time":1333,"minecraft:jump":702,"minecraft:leave_game":1,"minecraft:time_since_death":34666,"minecraft:climb_one_cm":2215,"minecraft:fall_one_cm":17829},"minecraft:mined":{"pixelmon:berry_plant_salac":1,"pixelmon:berry_plant_coba":1,"pixelmon:berry_plant_charti":1,"pixelmon:berry_plant_kasib":1,"tcg:essence_jar":1,"minecraft:grass":1,"minecraft:grass_block":1,"minecraft:spruce_fence":1,"minecraft:spruce_leaves":17}},"DataVersion":2586}