{"stats":{"minecraft:mined":{"minecraft:cut_sandstone":5,"pixelmon:berry_plant_salac":1,"minecraft:stone_pressure_plate":1,"minecraft:orange_terracotta":3,"pixelmon:berry_plant_wepear":1,"minecraft:crafting_table":1,"tcg:essence_jar":1,"pixelmon:berry_plant_cheri":1,"pixelmon:berry_plant_razz":1,"minecraft:grass_block":5,"minecraft:spruce_fence":2,"minecraft:chest":1,"minecraft:dead_bush":1,"minecraft:tall_grass":11,"pixelmon:berry_plant_rawst":1,"minecraft:spruce_leaves":35,"minecraft:sandstone":13,"minecraft:coarse_dirt":1,"pixelmon:berry_plant_coba":1,"minecraft:sweet_berry_bush":5,"minecraft:barrel":1,"pixelmon:berry_plant_charti":1,"minecraft:spruce_log":1,"minecraft:tnt":9,"pixelmon:berry_plant_kasib":1,"minecraft:enchanting_table":1,"minecraft:grass":20,"minecraft:oak_log":5,"minecraft:sand":4,"minecraft:dirt":2,"minecraft:sandstone_wall":1,"minecraft:spruce_wood":4,"minecraft:stone":5,"minecraft:oak_leaves":10},"minecraft:picked_up":{"minecraft:enchanting_table":1,"pixelmon:poke_ball_lid":2,"minecraft:crafting_table":1,"minecraft:cut_sandstone":2,"pixelmon:casteliacone":2,"pixelmon:coba_berry":1,"pixelmon:poke_ball":12,"pixelmon:razz_berry":1,"tcg:essence_jar":1,"minecraft:oak_log":5,"pixelmon:aluminum_base":1,"minecraft:dirt":7,"minecraft:lantern":1,"pixelmon:super_potion":1,"pixelmon:platinum_base":1,"minecraft:orange_terracotta":3,"pixelmon:lure_casing_strong":1,"minecraft:wheat_seeds":5,"pixelmon:wepear_berry":1,"minecraft:dark_oak_sign":1,"pixelmon:pixelmon_sprite":1,"minecraft:poppy":1,"minecraft:sugar_cane":1,"pixelmon:salac_berry":1,"minecraft:stick":3,"minecraft:sandstone":13,"minecraft:sweet_berries":12,"pixelmon:kasib_berry":1,"pixelmon:xs_exp_candy":1,"pixelmon:cooking_pot":1,"minecraft:spruce_fence":2,"sophisticatedbackpacks:backpack":1,"minecraft:sandstone_wall":1,"minecraft:sand":4,"minecraft:stone_button":2,"minecraft:spruce_sapling":1,"minecraft:spruce_log":1,"pixelmon:charti_berry":1,"minecraft:stone_pressure_plate":1,"minecraft:painting":2,"pixelmon:cheri_berry":1,"minecraft:oak_sapling":1,"pixelmon:rawst_berry":1,"minecraft:cobblestone":5},"minecraft:crafted":{"minecraft:oak_planks":20,"minecraft:crafting_table":1,"minecraft:stick":24,"minecraft:iron_pickaxe":1},"minecraft:dropped":{"pixelmon:poke_ball_lid":1,"minecraft:dark_oak_sign":1,"pixelmon:amethyst":2,"sophisticatedbackpacks:backpack":1,"minecraft:salmon":17,"minecraft:coal":1,"minecraft:cod":6,"minecraft:poppy":1,"pixelmon:raw_black_tumblestone":4,"minecraft:stone_button":1,"pixelmon:raw_tumblestone":3,"pixelmon:platinum_base":1,"minecraft:stone_pressure_plate":1,"minecraft:barrel":7,"minecraft:sand":2,"minecraft:wooden_pickaxe":1,"pixelmon:poke_ball":20},"minecraft:used":{"minecraft:oak_planks":4,"minecraft:wooden_pickaxe":35,"minecraft:sandstone":13,"minecraft:dirt":4,"minecraft:crafting_table":1,"minecraft:wooden_axe":22,"minecraft:bread":41,"minecraft:iron_pickaxe":12,"minecraft:cobblestone":5},"minecraft:custom":{"minecraft:interact_with_crafting_table":2,"minecraft:interact_with_cartography_table":1,"minecraft:tune_noteblock":1,"minecraft:open_barrel":72,"minecraft:play_one_minute":179508,"minecraft:interact_with_grindstone":1,"minecraft:leave_game":7,"minecraft:time_since_death":179508,"minecraft:sleep_in_bed":2,"minecraft:climb_one_cm":14863,"minecraft:time_since_rest":24791,"minecraft:sprint_one_cm":607080,"minecraft:damage_taken":1062,"minecraft:walk_one_cm":405309,"minecraft:trigger_trapped_chest":1,"minecraft:drop":36,"minecraft:swim_one_cm":162803,"minecraft:fly_one_cm":739540,"minecraft:open_chest":81,"minecraft:crouch_one_cm":9191,"minecraft:sneak_time":2956,"minecraft:walk_under_water_one_cm":29630,"minecraft:jump":3277,"minecraft:walk_on_water_one_cm":22334,"minecraft:fall_one_cm":88641}},"DataVersion":2586}