{"stats":{"minecraft:mined":{"minecraft:light_blue_stained_glass_pane":2,"pixelmon:sapphire_ore":14,"pixelmon:apricorn_leaves_black":10,"minecraft:diamond_ore":14,"minecraft:pink_carpet":2,"minecraft:oak_door":29,"minecraft:cobblestone_stairs":4,"minecraft:potted_blue_orchid":1,"pixelmon:ruby_ore":23,"minecraft:obsidian":20,"minecraft:granite":13,"pixelmon:platinum_ore":57,"minecraft:spruce_leaves":4,"minecraft:pink_wool":1,"minecraft:tall_seagrass":1,"minecraft:furnace":9,"pixelmon:fire_stone_ore":8,"minecraft:iron_ore":341,"minecraft:turtle_egg":4,"minecraft:andesite":17,"minecraft:stripped_spruce_log":14,"minecraft:bookshelf":18,"pixelmon:fossil":1,"pixelmon:bauxite_ore":134,"pixelmon:silver_ore":26,"minecraft:stone":681,"pixelmon:cluttered_box":1,"pixelmon:apricorn_leaves_white":41,"pixelmon:amethyst_ore":20,"minecraft:glass_pane":2,"minecraft:red_bed":1,"minecraft:kelp_plant":9,"minecraft:crafting_table":5,"minecraft:torch":2,"pixelmon:apricorn_leaves_blue":12,"pixelmon:silicon_ore":33,"minecraft:cobblestone":12,"minecraft:lapis_ore":10,"minecraft:grindstone":1,"minecraft:iron_door":6,"minecraft:diorite":5,"minecraft:wall_torch":5,"minecraft:spruce_stairs":5,"minecraft:seagrass":2,"minecraft:spruce_log":5,"pixelmon:apricorn_leaves_red":52,"minecraft:coal_ore":403,"minecraft:oak_log":24,"pixelmon:crystal_ore":47,"pixelmon:apricorn_leaves_yellow":15,"minecraft:gravel":1,"minecraft:loom":2,"minecraft:dirt":4,"minecraft:stripped_birch_wood":3,"minecraft:mossy_stone_bricks":1,"minecraft:chipped_anvil":1,"minecraft:gold_ore":35,"minecraft:fern":1},"minecraft:picked_up":{"minecraft:wooden_axe":1,"minecraft:wheat":1,"minecraft:crafting_table":5,"pixelmon:silicon_ore":33,"minecraft:flower_pot":1,"minecraft:wooden_pickaxe":1,"minecraft:pink_wool":1,"pixelmon:iron_base":1,"pixelmon:wacan_berry":1,"pixelmon:pink_pc":2,"pixelmon:rare_candy":5,"minecraft:red_bed":3,"pixelmon:aluminum_base":1,"minecraft:string":8,"minecraft:blue_orchid":1,"minecraft:beetroot":6,"minecraft:spruce_planks":4,"minecraft:beef":8,"minecraft:furnace":10,"pixelmon:bauxite_ore":130,"pixelmon:black_apricorn":7,"minecraft:stick":6,"pixelmon:s_exp_candy":1,"minecraft:oak_door":31,"pixelmon:fire_stone_shard":7,"minecraft:torch":12,"minecraft:spruce_stairs":5,"minecraft:pink_carpet":2,"sophisticatedbackpacks:backpack":1,"pixelmon:belue_berry":1,"minecraft:stone_button":2,"minecraft:diorite":8,"minecraft:carrot":10,"pixelmon:crystal":46,"pixelmon:durin_berry":1,"pixelmon:nutpea_berry":1,"pixelmon:silver_ore":24,"minecraft:beetroot_seeds":9,"pixelmon:ruby":22,"pixelmon:red_apricorn":48,"minecraft:stripped_birch_wood":3,"minecraft:mutton":5,"minecraft:obsidian":20,"minecraft:cobblestone":680,"pixelmon:poke_ball_lid":2,"minecraft:iron_door":6,"minecraft:andesite":24,"minecraft:potato":47,"pixelmon:poke_ball":62,"minecraft:oak_log":24,"minecraft:cobblestone_stairs":3,"minecraft:lapis_lazuli":73,"pixelmon:white_apricorn":32,"minecraft:dirt":4,"pixelmon:white_poke_bag":1,"minecraft:bone":2,"minecraft:chipped_anvil":1,"minecraft:kelp":1,"minecraft:wheat_seeds":2,"minecraft:grindstone":1,"minecraft:iron_ingot":3,"minecraft:iron_ore":342,"minecraft:cobweb":1,"minecraft:mossy_stone_bricks":1,"pixelmon:cluttered_box":1,"minecraft:oak_planks":1,"pixelmon:kuo_berry":1,"pixelmon:sapphire":14,"pixelmon:water_stone_sword":1,"pixelmon:yellow_apricorn":13,"minecraft:book":51,"minecraft:gravel":1,"minecraft:lava_bucket":1,"pixelmon:cooking_pot":1,"pixelmon:amethyst":20,"pixelmon:covered_fossil_14":1,"minecraft:stripped_spruce_log":14,"minecraft:loom":2,"minecraft:spruce_log":5,"minecraft:gold_ore":35,"pixelmon:blue_apricorn":23,"minecraft:diamond":14,"minecraft:painting":2,"minecraft:granite":12,"minecraft:bone_meal":6,"minecraft:bread":55,"minecraft:emerald":12,"minecraft:baked_potato":31,"pixelmon:platinum_ore":54,"minecraft:coal":478},"minecraft:crafted":{"minecraft:oak_door":6,"minecraft:oak_planks":96,"pixelmon:platinum_ingot":12,"minecraft:furnace":5,"minecraft:cobblestone_stairs":12,"minecraft:stone":192,"minecraft:bookshelf":12,"pixelmon:aluminium_ingot":64,"minecraft:cooked_mutton":5,"minecraft:iron_axe":1,"minecraft:stone_pickaxe":2,"minecraft:cooked_beef":8,"minecraft:coal_block":18,"minecraft:crafting_table":3,"minecraft:spruce_planks":76,"minecraft:enchanting_table":1,"minecraft:iron_helmet":2,"pixelmon:poke_ball":2,"minecraft:birch_planks":12,"minecraft:stone_axe":1,"minecraft:oak_boat":1,"minecraft:diamond_pickaxe":1,"minecraft:stick":64,"minecraft:iron_ingot":232,"minecraft:iron_pickaxe":5,"minecraft:torch":48},"minecraft:dropped":{"minecraft:wheat_seeds":2,"minecraft:lapis_lazuli":9,"pixelmon:kuo_berry":1,"minecraft:cobblestone":99,"minecraft:book":14,"minecraft:granite":8,"pixelmon:nutpea_berry":1,"minecraft:cobblestone_stairs":11,"minecraft:emerald":6,"minecraft:red_bed":1,"minecraft:diorite":6,"minecraft:torch":2,"minecraft:string":6,"minecraft:stone_axe":1,"minecraft:wheat":1,"pixelmon:durin_berry":1,"minecraft:oak_planks":3,"minecraft:carrot":5,"pixelmon:wacan_berry":1,"minecraft:andesite":20,"minecraft:beetroot_seeds":9,"pixelmon:belue_berry":1},"minecraft:used":{"minecraft:beetroot":3,"pixelmon:bauxite_ore":2,"minecraft:enchanting_table":1,"minecraft:spruce_planks":16,"minecraft:oak_door":36,"minecraft:torch":47,"minecraft:dirt":4,"minecraft:pink_carpet":2,"minecraft:granite":4,"minecraft:wooden_axe":10,"minecraft:lava_bucket":3,"minecraft:chipped_anvil":1,"minecraft:bookshelf":12,"minecraft:iron_axe":87,"minecraft:pink_wool":1,"minecraft:furnace":9,"minecraft:cooked_mutton":5,"minecraft:mossy_stone_bricks":1,"minecraft:water_bucket":53,"minecraft:diorite":2,"minecraft:cobblestone_stairs":4,"minecraft:stone_pickaxe":263,"minecraft:wooden_pickaxe":12,"minecraft:crafting_table":8,"minecraft:red_bed":1,"minecraft:painting":2,"minecraft:cake":1,"minecraft:diamond_pickaxe":421,"minecraft:bread":43,"minecraft:iron_pickaxe":1252,"minecraft:iron_door":4,"minecraft:stone_axe":25,"minecraft:cobblestone":99,"minecraft:grindstone":1,"minecraft:andesite":2,"minecraft:bucket":56,"minecraft:oak_boat":1,"minecraft:kelp":1,"minecraft:cobweb":1},"minecraft:broken":{"minecraft:stone_pickaxe":2,"minecraft:iron_pickaxe":5},"minecraft:custom":{"minecraft:interact_with_smithing_table":2,"minecraft:interact_with_crafting_table":49,"minecraft:open_barrel":36,"minecraft:eat_cake_slice":6,"minecraft:leave_game":2,"minecraft:time_since_death":386005,"minecraft:climb_one_cm":5991,"minecraft:sprint_one_cm":461221,"minecraft:walk_one_cm":1112555,"minecraft:drop":40,"minecraft:deaths":1,"minecraft:sneak_time":8696,"minecraft:walk_under_water_one_cm":137988,"minecraft:boat_one_cm":121732,"minecraft:jump":4752,"minecraft:walk_on_water_one_cm":106875,"minecraft:enchant_item":2,"minecraft:interact_with_furnace":44,"minecraft:play_one_minute":442902,"minecraft:interact_with_grindstone":4,"minecraft:sleep_in_bed":1,"minecraft:time_since_rest":386038,"minecraft:damage_taken":2066,"minecraft:trigger_trapped_chest":1,"minecraft:swim_one_cm":490243,"minecraft:fly_one_cm":421833,"minecraft:open_chest":38,"minecraft:crouch_one_cm":7475,"minecraft:fall_one_cm":80944}},"DataVersion":2586}