{"stats":{"minecraft:used":{"minecraft:wooden_axe":7,"minecraft:bread":7,"minecraft:spruce_planks":8,"minecraft:wooden_pickaxe":2,"minecraft:red_bed":1,"minecraft:painting":1,"minecraft:cake":1},"minecraft:picked_up":{"pixelmon:black_apricorn":7,"minecraft:stick":3,"pixelmon:poke_ball":20,"pixelmon:pink_pc":1,"minecraft:spruce_log":5,"minecraft:carrot":5,"minecraft:red_bed":1,"pixelmon:blue_apricorn":14,"minecraft:bone":1,"minecraft:beetroot":3,"minecraft:beetroot_seeds":9,"minecraft:painting":1,"minecraft:bone_meal":3,"pixelmon:red_apricorn":15,"minecraft:furnace":1},"minecraft:custom":{"minecraft:time_since_rest":20429,"minecraft:interact_with_furnace":1,"minecraft:sprint_one_cm":104986,"minecraft:damage_taken":370,"minecraft:walk_one_cm":173368,"minecraft:drop":1,"minecraft:fly_one_cm":111233,"minecraft:open_barrel":16,"minecraft:open_chest":9,"minecraft:play_one_minute":54465,"minecraft:crouch_one_cm":440,"minecraft:sneak_time":358,"minecraft:jump":794,"minecraft:eat_cake_slice":6,"minecraft:leave_game":1,"minecraft:walk_on_water_one_cm":1597,"minecraft:time_since_death":54465,"minecraft:sleep_in_bed":1,"minecraft:climb_one_cm":979,"minecraft:fall_one_cm":19630},"minecraft:mined":{"minecraft:light_blue_stained_glass_pane":2,"pixelmon:apricorn_leaves_black":10,"minecraft:furnace":1,"minecraft:red_bed":1,"minecraft:spruce_log":5,"pixelmon:apricorn_leaves_red":16,"minecraft:spruce_leaves":2},"minecraft:dropped":{"minecraft:beetroot_seeds":9},"minecraft:crafted":{"minecraft:spruce_planks":20}},"DataVersion":2586}