{"stats":{"minecraft:picked_up":{"minecraft:wheat":3,"minecraft:crafting_table":6,"pixelmon:silicon_ore":33,"minecraft:flower_pot":2,"minecraft:wooden_pickaxe":1,"minecraft:pink_wool":1,"pixelmon:iron_base":1,"minecraft:chain":1,"pixelmon:pink_pc":2,"pixelmon:wacan_berry":1,"pixelmon:rare_candy":5,"minecraft:red_bed":3,"pixelmon:aluminum_base":1,"minecraft:string":8,"minecraft:armor_stand":1,"minecraft:blue_orchid":1,"minecraft:beetroot":6,"minecraft:spruce_planks":4,"minecraft:beef":8,"minecraft:light_gray_wool":1,"minecraft:furnace":10,"pixelmon:bauxite_ore":130,"pixelmon:black_apricorn":7,"minecraft:stick":6,"pixelmon:s_exp_candy":1,"minecraft:oak_door":58,"pixelmon:fire_stone_shard":7,"minecraft:torch":26,"minecraft:spruce_stairs":5,"minecraft:pink_carpet":2,"sophisticatedbackpacks:backpack":1,"pixelmon:belue_berry":1,"minecraft:stone_button":3,"minecraft:diorite":8,"minecraft:carrot":10,"pixelmon:normal_gem":1,"pixelmon:crystal":46,"pixelmon:blue_berry_wood_boat":1,"pixelmon:durin_berry":1,"pixelmon:water_gem":1,"pixelmon:nutpea_berry":1,"pixelmon:silver_ore":24,"minecraft:tropical_fish":1,"minecraft:beetroot_seeds":9,"pixelmon:ruby":22,"pixelmon:red_apricorn":66,"pixelmon:moomoo_milk":1,"pixelmon:silver_base":1,"minecraft:stripped_birch_wood":3,"minecraft:obsidian":20,"minecraft:mutton":5,"minecraft:white_wool":17,"minecraft:cobblestone":680,"pixelmon:poke_ball_lid":3,"pixelmon:acro_bike":1,"pixelmon:covered_fossil_0":1,"minecraft:iron_door":6,"minecraft:andesite":24,"minecraft:potato":47,"pixelmon:poke_ball":68,"minecraft:flint":1,"minecraft:oak_log":24,"minecraft:cobblestone_stairs":3,"minecraft:lapis_lazuli":73,"pixelmon:white_apricorn":32,"minecraft:dirt":4,"pixelmon:white_poke_bag":1,"minecraft:bone":2,"minecraft:chipped_anvil":1,"minecraft:kelp":2,"minecraft:wheat_seeds":2,"minecraft:grindstone":1,"minecraft:iron_ingot":3,"minecraft:cobweb":1,"minecraft:iron_ore":342,"pixelmon:cluttered_box":1,"minecraft:mossy_stone_bricks":1,"minecraft:bamboo":1,"pixelmon:kuo_berry":1,"minecraft:oak_planks":1,"pixelmon:sapphire":14,"pixelmon:water_stone_sword":1,"pixelmon:yellow_apricorn":13,"minecraft:book":51,"pixelmon:tv3":1,"pixelmon:pokemail_orange":1,"pixelmon:silk_scarf":1,"pixelmon:eggant_berry":9,"pixelmon:cooking_pot":1,"minecraft:gravel":1,"minecraft:lava_bucket":1,"pixelmon:amethyst":20,"pixelmon:covered_fossil_14":1,"minecraft:stripped_spruce_log":14,"minecraft:spruce_log":5,"minecraft:loom":2,"minecraft:gold_ore":35,"minecraft:barrel":3,"pixelmon:blue_apricorn":23,"pixelmon:old_rod":1,"minecraft:diamond":14,"pixelmon:wiki_berry":1,"minecraft:spruce_boat":1,"minecraft:granite":12,"minecraft:painting":2,"minecraft:bone_meal":6,"minecraft:emerald":12,"minecraft:bread":55,"pixelmon:platinum_ore":54,"minecraft:baked_potato":31,"pixelmon:bluk_berry":2,"minecraft:coal":478,"minecraft:wooden_axe":1},"minecraft:dropped":{"pixelmon:belue_berry":1,"minecraft:wheat_seeds":2,"minecraft:lapis_lazuli":9,"pixelmon:kuo_berry":1,"minecraft:cobblestone":99,"minecraft:book":14,"minecraft:granite":8,"minecraft:tropical_fish":1,"minecraft:flint":1,"minecraft:pufferfish":1,"pixelmon:nutpea_berry":1,"minecraft:cobblestone_stairs":11,"minecraft:emerald":6,"minecraft:red_bed":1,"minecraft:diorite":6,"minecraft:torch":2,"pixelmon:bluk_berry":2,"minecraft:string":6,"minecraft:white_wool":1,"pixelmon:wiki_berry":1,"minecraft:stone_axe":1,"minecraft:wheat":2,"pixelmon:durin_berry":1,"minecraft:light_gray_wool":1,"minecraft:oak_planks":3,"minecraft:salmon":2,"minecraft:carrot":5,"pixelmon:wacan_berry":1,"minecraft:andesite":20,"minecraft:beetroot_seeds":9,"pixelmon:old_rod":2,"pixelmon:eggant_berry":9,"pixelmon:repel":2},"minecraft:crafted":{"minecraft:oak_door":6,"minecraft:oak_planks":96,"pixelmon:platinum_ingot":12,"minecraft:furnace":5,"minecraft:stone":192,"minecraft:cobblestone_stairs":12,"minecraft:bookshelf":12,"pixelmon:aluminium_ingot":64,"minecraft:cooked_mutton":5,"minecraft:iron_axe":1,"minecraft:stone_pickaxe":2,"minecraft:spruce_boat":1,"minecraft:cooked_beef":8,"minecraft:coal_block":18,"minecraft:crafting_table":3,"minecraft:spruce_planks":76,"minecraft:enchanting_table":1,"minecraft:iron_helmet":2,"pixelmon:poke_ball":3,"minecraft:birch_planks":12,"minecraft:stone_axe":1,"minecraft:oak_boat":1,"minecraft:diamond_pickaxe":1,"minecraft:stick":64,"minecraft:iron_ingot":232,"minecraft:iron_pickaxe":5,"minecraft:torch":48},"minecraft:mined":{"minecraft:light_blue_stained_glass_pane":2,"pixelmon:sapphire_ore":14,"pixelmon:apricorn_leaves_black":10,"minecraft:diamond_ore":14,"minecraft:pink_carpet":2,"minecraft:oak_door":56,"minecraft:cobblestone_stairs":4,"minecraft:potted_blue_orchid":1,"pixelmon:ruby_ore":23,"minecraft:obsidian":20,"minecraft:granite":13,"pixelmon:platinum_ore":57,"minecraft:spruce_leaves":4,"minecraft:potted_bamboo":1,"minecraft:kelp":1,"minecraft:pink_wool":1,"minecraft:tall_seagrass":1,"minecraft:furnace":9,"minecraft:barrel":3,"pixelmon:fire_stone_ore":8,"minecraft:iron_ore":341,"minecraft:turtle_egg":4,"pixelmon:berry_leaves_bluk":1,"minecraft:andesite":17,"minecraft:stripped_spruce_log":14,"minecraft:bookshelf":18,"pixelmon:berry_leaves_eggant":9,"pixelmon:fossil":2,"pixelmon:bauxite_ore":134,"pixelmon:silver_ore":26,"minecraft:stone":681,"pixelmon:cluttered_box":1,"pixelmon:apricorn_leaves_white":41,"pixelmon:amethyst_ore":20,"minecraft:glass_pane":12,"minecraft:red_bed":1,"minecraft:kelp_plant":12,"minecraft:crafting_table":6,"minecraft:torch":4,"pixelmon:apricorn_leaves_blue":12,"pixelmon:silicon_ore":33,"pixelmon:berry_leaves_wiki":2,"minecraft:cobblestone":12,"minecraft:lapis_ore":10,"minecraft:grindstone":1,"minecraft:diorite":5,"minecraft:iron_door":6,"minecraft:wall_torch":15,"minecraft:seagrass":2,"minecraft:spruce_stairs":5,"minecraft:chain":1,"minecraft:spruce_log":5,"pixelmon:apricorn_leaves_red":70,"minecraft:oak_log":24,"minecraft:coal_ore":403,"pixelmon:crystal_ore":47,"pixelmon:apricorn_leaves_yellow":15,"minecraft:loom":2,"minecraft:gravel":1,"minecraft:dirt":4,"minecraft:stripped_birch_wood":3,"minecraft:chipped_anvil":1,"minecraft:mossy_stone_bricks":1,"minecraft:gold_ore":35,"minecraft:fern":1},"minecraft:broken":{"minecraft:stone_pickaxe":2,"minecraft:iron_pickaxe":5},"minecraft:custom":{"minecraft:interact_with_smithing_table":2,"minecraft:interact_with_crafting_table":54,"minecraft:open_barrel":119,"minecraft:eat_cake_slice":6,"minecraft:leave_game":3,"minecraft:time_since_death":583968,"minecraft:climb_one_cm":15282,"minecraft:sprint_one_cm":545496,"minecraft:walk_one_cm":1455291,"minecraft:drop":54,"minecraft:deaths":1,"minecraft:sneak_time":9808,"minecraft:walk_under_water_one_cm":231028,"minecraft:boat_one_cm":1011434,"minecraft:jump":5532,"minecraft:walk_on_water_one_cm":113908,"minecraft:enchant_item":2,"minecraft:interact_with_furnace":44,"minecraft:interact_with_loom":2,"minecraft:play_one_minute":640865,"minecraft:pot_flower":1,"minecraft:interact_with_grindstone":5,"minecraft:sleep_in_bed":1,"minecraft:time_since_rest":584001,"minecraft:damage_taken":2657,"minecraft:trigger_trapped_chest":1,"minecraft:damage_dealt":0,"minecraft:swim_one_cm":1026447,"minecraft:fly_one_cm":476923,"minecraft:open_chest":119,"minecraft:crouch_one_cm":7657,"minecraft:fall_one_cm":89432,"minecraft:horse_one_cm":1789072},"minecraft:used":{"minecraft:beetroot":3,"pixelmon:bauxite_ore":2,"minecraft:enchanting_table":1,"minecraft:armor_stand":1,"minecraft:spruce_planks":16,"pixelmon:blue_berry_wood_boat":1,"minecraft:oak_door":62,"minecraft:torch":71,"minecraft:dirt":4,"minecraft:pink_carpet":2,"minecraft:granite":4,"minecraft:spruce_boat":2,"minecraft:wooden_axe":10,"minecraft:lava_bucket":3,"minecraft:chipped_anvil":1,"minecraft:bookshelf":12,"minecraft:iron_axe":129,"minecraft:pink_wool":1,"minecraft:furnace":9,"minecraft:cooked_mutton":5,"minecraft:water_bucket":54,"minecraft:mossy_stone_bricks":1,"minecraft:diorite":2,"minecraft:cobblestone_stairs":4,"minecraft:stone_pickaxe":263,"minecraft:wooden_pickaxe":12,"pixelmon:acro_bike":1,"minecraft:crafting_table":8,"minecraft:red_bed":1,"minecraft:painting":2,"minecraft:cake":1,"minecraft:flower_pot":1,"minecraft:diamond_pickaxe":426,"minecraft:bread":59,"minecraft:iron_pickaxe":1252,"minecraft:iron_door":4,"minecraft:stone_axe":25,"pixelmon:tv3":1,"minecraft:cobblestone":99,"minecraft:grindstone":1,"minecraft:chain":1,"minecraft:andesite":2,"minecraft:bucket":57,"pixelmon:cooking_pot":1,"minecraft:oak_boat":1,"minecraft:kelp":2,"minecraft:cobweb":1}},"DataVersion":2586}