{"stats":{"minecraft:picked_up":{"minecraft:crafting_table":2,"minecraft:wheat":1,"minecraft:andesite":3,"minecraft:wheat_seeds":9,"minecraft:oak_log":12,"pixelmon:pink_pc":1,"minecraft:coal":1,"minecraft:cobblestone":96},"minecraft:mined":{"minecraft:oak_log":8,"minecraft:grass":1,"minecraft:coal_ore":1,"minecraft:stone":96,"minecraft:andesite":3,"minecraft:crafting_table":2},"minecraft:crafted":{"minecraft:oak_planks":16,"minecraft:crafting_table":1,"minecraft:stick":12,"minecraft:stone_pickaxe":1},"minecraft:dropped":{"minecraft:wheat_seeds":9,"minecraft:oak_log":8,"minecraft:wheat":1},"minecraft:used":{"minecraft:wooden_axe":10,"minecraft:crafting_table":2,"minecraft:bread":3,"minecraft:stone_pickaxe":87,"minecraft:wooden_pickaxe":14},"minecraft:custom":{"minecraft:open_barrel":14,"minecraft:time_since_rest":25603,"minecraft:open_chest":10,"minecraft:crouch_one_cm":546,"minecraft:play_one_minute":25603,"minecraft:sprint_one_cm":31241,"minecraft:damage_taken":200,"minecraft:walk_one_cm":59005,"minecraft:sneak_time":271,"minecraft:walk_under_water_one_cm":111,"minecraft:drop":5,"minecraft:jump":243,"minecraft:leave_game":1,"minecraft:time_since_death":25603,"minecraft:walk_on_water_one_cm":430,"minecraft:climb_one_cm":551,"minecraft:interact_with_crafting_table":3,"minecraft:fall_one_cm":7254,"minecraft:fly_one_cm":38191}},"DataVersion":2586}