{"stats":{"minecraft:used":{"minecraft:beetroot":3,"minecraft:wooden_axe":10,"minecraft:bread":7,"minecraft:stone_pickaxe":14,"minecraft:spruce_planks":16,"minecraft:wooden_pickaxe":12,"minecraft:crafting_table":1,"minecraft:furnace":1,"minecraft:red_bed":1,"minecraft:painting":1,"minecraft:cooked_mutton":1,"minecraft:cake":1},"minecraft:custom":{"minecraft:time_since_rest":15601,"minecraft:interact_with_furnace":7,"minecraft:sprint_one_cm":137274,"minecraft:damage_taken":620,"minecraft:walk_one_cm":251327,"minecraft:drop":4,"minecraft:interact_with_crafting_table":1,"minecraft:fly_one_cm":167892,"minecraft:open_barrel":20,"minecraft:open_chest":11,"minecraft:play_one_minute":72465,"minecraft:crouch_one_cm":620,"minecraft:deaths":1,"minecraft:sneak_time":423,"minecraft:jump":1214,"minecraft:eat_cake_slice":6,"minecraft:leave_game":1,"minecraft:walk_on_water_one_cm":1597,"minecraft:time_since_death":15568,"minecraft:sleep_in_bed":1,"minecraft:climb_one_cm":979,"minecraft:fall_one_cm":27826},"minecraft:picked_up":{"minecraft:wooden_axe":1,"minecraft:wheat":1,"pixelmon:black_apricorn":7,"minecraft:stick":6,"pixelmon:s_exp_candy":1,"minecraft:andesite":3,"minecraft:wooden_pickaxe":1,"minecraft:lava_bucket":1,"minecraft:potato":31,"sophisticatedbackpacks:backpack":1,"pixelmon:poke_ball":61,"pixelmon:wacan_berry":1,"pixelmon:pink_pc":2,"minecraft:spruce_log":5,"minecraft:carrot":10,"pixelmon:rare_candy":5,"minecraft:red_bed":2,"pixelmon:blue_apricorn":14,"pixelmon:white_poke_bag":1,"pixelmon:nutpea_berry":1,"minecraft:bone":2,"minecraft:beetroot":6,"minecraft:beetroot_seeds":9,"minecraft:wheat_seeds":2,"minecraft:spruce_planks":4,"minecraft:beef":8,"minecraft:painting":1,"minecraft:bone_meal":6,"minecraft:bread":55,"minecraft:emerald":6,"pixelmon:red_apricorn":15,"minecraft:stripped_birch_wood":3,"minecraft:mutton":5,"minecraft:coal":15,"minecraft:cobblestone":7,"minecraft:furnace":2},"minecraft:mined":{"minecraft:light_blue_stained_glass_pane":2,"pixelmon:apricorn_leaves_black":10,"minecraft:furnace":1,"minecraft:red_bed":1,"minecraft:andesite":3,"minecraft:spruce_log":5,"pixelmon:apricorn_leaves_red":16,"minecraft:coal_ore":13,"minecraft:stripped_birch_wood":3,"minecraft:stone":7,"minecraft:spruce_leaves":2,"minecraft:fern":1},"minecraft:dropped":{"minecraft:wheat_seeds":2,"minecraft:beetroot_seeds":9,"pixelmon:nutpea_berry":1,"pixelmon:wacan_berry":1},"minecraft:crafted":{"minecraft:crafting_table":1,"minecraft:stick":8,"minecraft:spruce_planks":20,"minecraft:stone_pickaxe":1,"minecraft:birch_planks":12,"minecraft:stone_axe":1,"minecraft:cooked_mutton":5}},"DataVersion":2586}