{"stats":{"minecraft:mined":{"minecraft:light_blue_stained_glass_pane":2,"minecraft:diamond_ore":14,"pixelmon:apricorn_leaves_black":10,"pixelmon:amethyst_ore":11,"minecraft:red_bed":1,"minecraft:obsidian":20,"pixelmon:ruby_ore":12,"minecraft:crafting_table":1,"minecraft:granite":4,"pixelmon:silicon_ore":21,"pixelmon:apricorn_leaves_blue":12,"pixelmon:platinum_ore":57,"minecraft:spruce_leaves":2,"minecraft:lapis_ore":10,"minecraft:diorite":3,"minecraft:wall_torch":1,"minecraft:furnace":4,"pixelmon:fire_stone_ore":8,"minecraft:iron_ore":265,"minecraft:spruce_log":5,"minecraft:andesite":14,"pixelmon:apricorn_leaves_red":16,"minecraft:oak_log":24,"minecraft:coal_ore":215,"pixelmon:crystal_ore":32,"pixelmon:apricorn_leaves_yellow":15,"pixelmon:bauxite_ore":75,"minecraft:stripped_birch_wood":3,"minecraft:stone":452,"pixelmon:silver_ore":26,"pixelmon:sapphire_ore":11,"minecraft:gold_ore":30,"pixelmon:apricorn_leaves_white":11,"minecraft:fern":1},"minecraft:picked_up":{"minecraft:wooden_axe":1,"minecraft:crafting_table":1,"minecraft:wheat":1,"pixelmon:silicon_ore":21,"minecraft:andesite":24,"minecraft:wooden_pickaxe":1,"minecraft:potato":47,"pixelmon:poke_ball":61,"pixelmon:pink_pc":2,"minecraft:oak_log":24,"pixelmon:wacan_berry":1,"pixelmon:rare_candy":5,"minecraft:lapis_lazuli":73,"pixelmon:white_apricorn":7,"minecraft:string":2,"minecraft:red_bed":3,"pixelmon:white_poke_bag":1,"minecraft:bone":2,"minecraft:beetroot":6,"minecraft:wheat_seeds":2,"minecraft:spruce_planks":4,"minecraft:beef":8,"minecraft:cobweb":1,"minecraft:iron_ore":255,"pixelmon:sapphire":11,"pixelmon:kuo_berry":1,"minecraft:oak_planks":1,"pixelmon:yellow_apricorn":13,"minecraft:furnace":5,"pixelmon:bauxite_ore":71,"pixelmon:black_apricorn":7,"minecraft:stick":6,"pixelmon:s_exp_candy":1,"pixelmon:fire_stone_shard":7,"minecraft:torch":2,"pixelmon:cooking_pot":1,"sophisticatedbackpacks:backpack":1,"minecraft:lava_bucket":1,"pixelmon:belue_berry":1,"pixelmon:amethyst":11,"minecraft:diorite":6,"minecraft:carrot":10,"minecraft:spruce_log":5,"minecraft:gold_ore":30,"pixelmon:blue_apricorn":23,"pixelmon:crystal":32,"pixelmon:durin_berry":1,"pixelmon:nutpea_berry":1,"pixelmon:silver_ore":24,"minecraft:diamond":14,"minecraft:beetroot_seeds":9,"minecraft:granite":8,"minecraft:painting":1,"pixelmon:ruby":11,"minecraft:bone_meal":6,"minecraft:emerald":12,"minecraft:bread":55,"pixelmon:red_apricorn":16,"pixelmon:platinum_ore":54,"minecraft:baked_potato":31,"minecraft:obsidian":20,"minecraft:stripped_birch_wood":3,"minecraft:mutton":5,"minecraft:coal":227,"minecraft:cobblestone":444},"minecraft:crafted":{"minecraft:cooked_beef":8,"minecraft:coal_block":18,"minecraft:oak_planks":96,"minecraft:crafting_table":2,"minecraft:spruce_planks":20,"pixelmon:platinum_ingot":12,"minecraft:furnace":5,"minecraft:stone":64,"minecraft:birch_planks":12,"minecraft:stone_axe":1,"minecraft:cooked_mutton":5,"minecraft:diamond_pickaxe":1,"minecraft:iron_axe":1,"minecraft:stick":64,"minecraft:iron_ingot":143,"minecraft:iron_pickaxe":5,"minecraft:stone_pickaxe":2,"minecraft:torch":16},"minecraft:dropped":{"minecraft:stone_axe":1,"minecraft:wheat_seeds":2,"minecraft:lapis_lazuli":9,"pixelmon:kuo_berry":1,"minecraft:granite":8,"minecraft:carrot":5,"pixelmon:nutpea_berry":1,"minecraft:emerald":6,"pixelmon:wacan_berry":1,"minecraft:red_bed":1,"minecraft:diorite":6,"minecraft:torch":1,"minecraft:andesite":20,"minecraft:beetroot_seeds":9,"pixelmon:belue_berry":1},"minecraft:used":{"minecraft:water_bucket":41,"minecraft:stone_pickaxe":263,"minecraft:spruce_planks":16,"minecraft:wooden_pickaxe":12,"minecraft:torch":17,"minecraft:crafting_table":3,"minecraft:red_bed":1,"minecraft:painting":1,"minecraft:cake":1,"minecraft:wooden_axe":10,"minecraft:diamond_pickaxe":260,"minecraft:lava_bucket":1,"minecraft:bread":24,"minecraft:iron_pickaxe":752,"minecraft:stone_axe":25,"minecraft:cobblestone":40,"minecraft:furnace":9,"minecraft:bucket":42,"minecraft:andesite":2,"minecraft:beetroot":3,"minecraft:cooked_mutton":3,"minecraft:cobweb":1},"minecraft:broken":{"minecraft:stone_pickaxe":2,"minecraft:iron_pickaxe":3},"minecraft:custom":{"minecraft:interact_with_furnace":39,"minecraft:interact_with_crafting_table":25,"minecraft:open_barrel":32,"minecraft:play_one_minute":262902,"minecraft:eat_cake_slice":6,"minecraft:leave_game":2,"minecraft:time_since_death":206005,"minecraft:sleep_in_bed":1,"minecraft:climb_one_cm":1948,"minecraft:time_since_rest":206038,"minecraft:damage_taken":1330,"minecraft:sprint_one_cm":304530,"minecraft:walk_one_cm":684689,"minecraft:trigger_trapped_chest":1,"minecraft:drop":30,"minecraft:swim_one_cm":2303,"minecraft:fly_one_cm":293858,"minecraft:open_chest":23,"minecraft:crouch_one_cm":5392,"minecraft:deaths":1,"minecraft:sneak_time":6862,"minecraft:walk_under_water_one_cm":38065,"minecraft:jump":3129,"minecraft:walk_on_water_one_cm":66138,"minecraft:fall_one_cm":59295}},"DataVersion":2586}