{"stats":{"minecraft:mined":{"minecraft:light_blue_stained_glass_pane":2,"minecraft:diamond_ore":7,"pixelmon:apricorn_leaves_black":10,"pixelmon:amethyst_ore":7,"minecraft:red_bed":1,"minecraft:obsidian":20,"pixelmon:ruby_ore":11,"minecraft:crafting_table":1,"pixelmon:silicon_ore":4,"pixelmon:apricorn_leaves_blue":12,"pixelmon:platinum_ore":23,"minecraft:spruce_leaves":2,"minecraft:lapis_ore":10,"minecraft:furnace":3,"pixelmon:fire_stone_ore":5,"minecraft:iron_ore":174,"minecraft:spruce_log":5,"minecraft:andesite":6,"pixelmon:apricorn_leaves_red":16,"minecraft:oak_log":24,"minecraft:coal_ore":131,"pixelmon:crystal_ore":14,"pixelmon:apricorn_leaves_yellow":15,"pixelmon:bauxite_ore":40,"minecraft:stripped_birch_wood":3,"minecraft:stone":151,"pixelmon:silver_ore":13,"pixelmon:sapphire_ore":6,"minecraft:gold_ore":8,"pixelmon:apricorn_leaves_white":11,"minecraft:fern":1},"minecraft:picked_up":{"minecraft:wooden_axe":1,"minecraft:crafting_table":1,"minecraft:wheat":1,"pixelmon:silicon_ore":4,"minecraft:andesite":6,"minecraft:wooden_pickaxe":1,"minecraft:potato":47,"pixelmon:poke_ball":61,"pixelmon:pink_pc":2,"minecraft:oak_log":24,"pixelmon:wacan_berry":1,"pixelmon:rare_candy":5,"minecraft:lapis_lazuli":73,"pixelmon:white_apricorn":7,"minecraft:string":2,"minecraft:red_bed":3,"pixelmon:white_poke_bag":1,"minecraft:bone":2,"minecraft:beetroot":6,"minecraft:wheat_seeds":2,"minecraft:spruce_planks":4,"minecraft:beef":8,"minecraft:cobweb":1,"minecraft:iron_ore":166,"pixelmon:sapphire":6,"pixelmon:kuo_berry":1,"minecraft:oak_planks":1,"pixelmon:yellow_apricorn":13,"minecraft:furnace":4,"pixelmon:bauxite_ore":38,"pixelmon:black_apricorn":7,"minecraft:stick":6,"pixelmon:s_exp_candy":1,"pixelmon:fire_stone_shard":4,"pixelmon:cooking_pot":1,"sophisticatedbackpacks:backpack":1,"minecraft:lava_bucket":1,"pixelmon:belue_berry":1,"pixelmon:amethyst":7,"minecraft:carrot":10,"minecraft:spruce_log":5,"minecraft:gold_ore":8,"pixelmon:blue_apricorn":23,"pixelmon:crystal":14,"pixelmon:durin_berry":1,"pixelmon:nutpea_berry":1,"pixelmon:silver_ore":11,"minecraft:diamond":7,"minecraft:beetroot_seeds":9,"minecraft:painting":1,"pixelmon:ruby":11,"minecraft:bone_meal":6,"minecraft:emerald":12,"minecraft:bread":55,"pixelmon:red_apricorn":16,"pixelmon:platinum_ore":23,"minecraft:baked_potato":31,"minecraft:obsidian":20,"minecraft:stripped_birch_wood":3,"minecraft:mutton":5,"minecraft:coal":144,"minecraft:cobblestone":145},"minecraft:crafted":{"minecraft:cooked_beef":8,"minecraft:coal_block":3,"minecraft:oak_planks":96,"minecraft:crafting_table":2,"minecraft:spruce_planks":20,"pixelmon:platinum_ingot":12,"minecraft:furnace":1,"minecraft:birch_planks":12,"minecraft:stone_axe":1,"minecraft:cooked_mutton":5,"minecraft:diamond_pickaxe":1,"minecraft:stick":64,"minecraft:iron_ingot":115,"minecraft:iron_pickaxe":2,"minecraft:stone_pickaxe":2},"minecraft:dropped":{"minecraft:wheat_seeds":2,"minecraft:lapis_lazuli":9,"pixelmon:kuo_berry":1,"pixelmon:nutpea_berry":1,"minecraft:emerald":6,"pixelmon:wacan_berry":1,"minecraft:red_bed":1,"minecraft:beetroot_seeds":9,"pixelmon:belue_berry":1},"minecraft:used":{"minecraft:water_bucket":23,"minecraft:stone_pickaxe":263,"minecraft:spruce_planks":16,"minecraft:wooden_pickaxe":12,"minecraft:crafting_table":3,"minecraft:red_bed":1,"minecraft:painting":1,"minecraft:cake":1,"minecraft:wooden_axe":10,"minecraft:diamond_pickaxe":25,"minecraft:lava_bucket":1,"minecraft:bread":20,"minecraft:iron_pickaxe":336,"minecraft:stone_axe":25,"minecraft:cobblestone":12,"minecraft:furnace":4,"minecraft:bucket":24,"minecraft:andesite":2,"minecraft:beetroot":3,"minecraft:cooked_mutton":3,"minecraft:cobweb":1},"minecraft:broken":{"minecraft:stone_pickaxe":2,"minecraft:iron_pickaxe":1},"minecraft:custom":{"minecraft:interact_with_furnace":26,"minecraft:interact_with_crafting_table":15,"minecraft:open_barrel":32,"minecraft:play_one_minute":208902,"minecraft:eat_cake_slice":6,"minecraft:leave_game":2,"minecraft:time_since_death":152005,"minecraft:sleep_in_bed":1,"minecraft:climb_one_cm":1948,"minecraft:time_since_rest":152038,"minecraft:damage_taken":1100,"minecraft:sprint_one_cm":281615,"minecraft:walk_one_cm":507060,"minecraft:trigger_trapped_chest":1,"minecraft:drop":17,"minecraft:swim_one_cm":2303,"minecraft:fly_one_cm":278050,"minecraft:open_chest":19,"minecraft:crouch_one_cm":3829,"minecraft:deaths":1,"minecraft:sneak_time":5978,"minecraft:walk_under_water_one_cm":31629,"minecraft:jump":2480,"minecraft:walk_on_water_one_cm":48383,"minecraft:fall_one_cm":48930}},"DataVersion":2586}