{"stats":{"minecraft:used":{"minecraft:beetroot":3,"minecraft:cooked_mutton":3,"minecraft:water_bucket":4,"minecraft:stone_pickaxe":132,"minecraft:spruce_planks":16,"minecraft:wooden_pickaxe":12,"minecraft:crafting_table":2,"minecraft:red_bed":1,"minecraft:painting":1,"minecraft:cake":1,"minecraft:wooden_axe":10,"minecraft:lava_bucket":1,"minecraft:bread":16,"minecraft:stone_axe":25,"minecraft:furnace":3,"minecraft:bucket":5,"minecraft:andesite":1,"minecraft:cobweb":1},"minecraft:custom":{"minecraft:interact_with_furnace":12,"minecraft:interact_with_crafting_table":4,"minecraft:open_barrel":32,"minecraft:play_one_minute":120465,"minecraft:eat_cake_slice":6,"minecraft:leave_game":1,"minecraft:time_since_death":63568,"minecraft:sleep_in_bed":1,"minecraft:climb_one_cm":1948,"minecraft:time_since_rest":63601,"minecraft:sprint_one_cm":258887,"minecraft:damage_taken":1040,"minecraft:walk_one_cm":399093,"minecraft:trigger_trapped_chest":1,"minecraft:drop":6,"minecraft:swim_one_cm":1176,"minecraft:fly_one_cm":264892,"minecraft:open_chest":19,"minecraft:crouch_one_cm":963,"minecraft:deaths":1,"minecraft:sneak_time":888,"minecraft:walk_under_water_one_cm":4258,"minecraft:jump":1953,"minecraft:walk_on_water_one_cm":15018,"minecraft:fall_one_cm":43106},"minecraft:picked_up":{"minecraft:wooden_axe":1,"minecraft:crafting_table":1,"minecraft:wheat":1,"minecraft:andesite":4,"minecraft:wooden_pickaxe":1,"minecraft:potato":47,"pixelmon:poke_ball":61,"minecraft:oak_log":24,"pixelmon:pink_pc":2,"pixelmon:wacan_berry":1,"pixelmon:rare_candy":5,"pixelmon:white_apricorn":7,"minecraft:string":2,"minecraft:red_bed":2,"pixelmon:white_poke_bag":1,"minecraft:bone":2,"minecraft:beetroot":6,"minecraft:wheat_seeds":2,"minecraft:spruce_planks":4,"minecraft:beef":8,"minecraft:iron_ore":59,"minecraft:cobweb":1,"pixelmon:kuo_berry":1,"minecraft:oak_planks":1,"pixelmon:yellow_apricorn":13,"minecraft:furnace":4,"pixelmon:black_apricorn":7,"minecraft:stick":6,"pixelmon:s_exp_candy":1,"pixelmon:cooking_pot":1,"sophisticatedbackpacks:backpack":1,"minecraft:lava_bucket":1,"pixelmon:belue_berry":1,"minecraft:carrot":10,"minecraft:spruce_log":5,"pixelmon:blue_apricorn":23,"pixelmon:durin_berry":1,"pixelmon:nutpea_berry":1,"minecraft:beetroot_seeds":9,"minecraft:painting":1,"minecraft:bone_meal":6,"minecraft:emerald":6,"minecraft:bread":55,"pixelmon:red_apricorn":16,"minecraft:baked_potato":31,"minecraft:stripped_birch_wood":3,"minecraft:mutton":5,"minecraft:coal":49,"minecraft:cobblestone":36},"minecraft:mined":{"minecraft:light_blue_stained_glass_pane":2,"pixelmon:apricorn_leaves_black":10,"minecraft:red_bed":1,"minecraft:crafting_table":1,"pixelmon:apricorn_leaves_blue":12,"minecraft:spruce_leaves":2,"minecraft:furnace":3,"minecraft:iron_ore":62,"minecraft:spruce_log":5,"minecraft:andesite":4,"pixelmon:apricorn_leaves_red":16,"minecraft:oak_log":24,"minecraft:coal_ore":34,"pixelmon:apricorn_leaves_yellow":15,"minecraft:stripped_birch_wood":3,"minecraft:stone":38,"pixelmon:apricorn_leaves_white":11,"minecraft:fern":1},"minecraft:dropped":{"minecraft:wheat_seeds":2,"pixelmon:kuo_berry":1,"pixelmon:nutpea_berry":1,"pixelmon:wacan_berry":1,"minecraft:beetroot_seeds":9,"pixelmon:belue_berry":1},"minecraft:broken":{"minecraft:stone_pickaxe":1},"minecraft:crafted":{"minecraft:cooked_beef":8,"minecraft:oak_planks":96,"minecraft:crafting_table":1,"minecraft:spruce_planks":20,"minecraft:birch_planks":12,"minecraft:stone_axe":1,"minecraft:cooked_mutton":5,"minecraft:stick":64,"minecraft:stone_pickaxe":1}},"DataVersion":2586}