{"stats":{"minecraft:mined":{"minecraft:light_blue_stained_glass_pane":2,"minecraft:diamond_ore":7,"pixelmon:apricorn_leaves_black":10,"minecraft:red_bed":1,"pixelmon:ruby_ore":8,"minecraft:crafting_table":1,"pixelmon:apricorn_leaves_blue":12,"pixelmon:platinum_ore":19,"minecraft:spruce_leaves":2,"minecraft:lapis_ore":10,"minecraft:furnace":3,"minecraft:iron_ore":88,"minecraft:spruce_log":5,"minecraft:andesite":4,"pixelmon:apricorn_leaves_red":16,"minecraft:oak_log":24,"minecraft:coal_ore":69,"pixelmon:crystal_ore":2,"pixelmon:apricorn_leaves_yellow":15,"pixelmon:bauxite_ore":4,"minecraft:stripped_birch_wood":3,"minecraft:stone":85,"pixelmon:silver_ore":10,"pixelmon:apricorn_leaves_white":11,"minecraft:fern":1},"minecraft:picked_up":{"minecraft:wooden_axe":1,"minecraft:crafting_table":1,"minecraft:wheat":1,"minecraft:andesite":4,"minecraft:wooden_pickaxe":1,"minecraft:potato":47,"pixelmon:poke_ball":61,"pixelmon:pink_pc":2,"minecraft:oak_log":24,"pixelmon:wacan_berry":1,"pixelmon:rare_candy":5,"minecraft:lapis_lazuli":73,"pixelmon:white_apricorn":7,"minecraft:string":2,"minecraft:red_bed":3,"pixelmon:white_poke_bag":1,"minecraft:bone":2,"minecraft:beetroot":6,"minecraft:wheat_seeds":2,"minecraft:spruce_planks":4,"minecraft:beef":8,"minecraft:cobweb":1,"minecraft:iron_ore":82,"pixelmon:kuo_berry":1,"minecraft:oak_planks":1,"pixelmon:yellow_apricorn":13,"minecraft:furnace":4,"pixelmon:bauxite_ore":3,"pixelmon:black_apricorn":7,"minecraft:stick":6,"pixelmon:s_exp_candy":1,"pixelmon:cooking_pot":1,"sophisticatedbackpacks:backpack":1,"minecraft:lava_bucket":1,"pixelmon:belue_berry":1,"minecraft:carrot":10,"minecraft:spruce_log":5,"pixelmon:blue_apricorn":23,"pixelmon:crystal":2,"pixelmon:durin_berry":1,"pixelmon:nutpea_berry":1,"pixelmon:silver_ore":8,"minecraft:diamond":7,"minecraft:beetroot_seeds":9,"minecraft:painting":1,"pixelmon:ruby":8,"minecraft:bone_meal":6,"minecraft:emerald":12,"minecraft:bread":55,"pixelmon:red_apricorn":16,"pixelmon:platinum_ore":19,"minecraft:baked_potato":31,"minecraft:stripped_birch_wood":3,"minecraft:mutton":5,"minecraft:coal":83,"minecraft:cobblestone":83},"minecraft:crafted":{"minecraft:cooked_beef":8,"minecraft:coal_block":1,"minecraft:oak_planks":96,"minecraft:crafting_table":2,"minecraft:spruce_planks":20,"pixelmon:platinum_ingot":12,"minecraft:furnace":1,"minecraft:birch_planks":12,"minecraft:stone_axe":1,"minecraft:cooked_mutton":5,"minecraft:diamond_pickaxe":1,"minecraft:stick":64,"minecraft:iron_ingot":59,"minecraft:iron_pickaxe":1,"minecraft:stone_pickaxe":2},"minecraft:dropped":{"minecraft:wheat_seeds":2,"minecraft:lapis_lazuli":9,"pixelmon:kuo_berry":1,"pixelmon:nutpea_berry":1,"minecraft:emerald":6,"pixelmon:wacan_berry":1,"minecraft:red_bed":1,"minecraft:beetroot_seeds":9,"pixelmon:belue_berry":1},"minecraft:used":{"minecraft:water_bucket":16,"minecraft:stone_pickaxe":200,"minecraft:spruce_planks":16,"minecraft:wooden_pickaxe":12,"minecraft:crafting_table":3,"minecraft:red_bed":1,"minecraft:painting":1,"minecraft:cake":1,"minecraft:wooden_axe":10,"minecraft:lava_bucket":1,"minecraft:bread":18,"minecraft:iron_pickaxe":100,"minecraft:stone_axe":25,"minecraft:furnace":4,"minecraft:bucket":17,"minecraft:andesite":1,"minecraft:beetroot":3,"minecraft:cooked_mutton":3,"minecraft:cobweb":1},"minecraft:broken":{"minecraft:stone_pickaxe":1},"minecraft:custom":{"minecraft:interact_with_furnace":21,"minecraft:interact_with_crafting_table":10,"minecraft:open_barrel":32,"minecraft:play_one_minute":172902,"minecraft:eat_cake_slice":6,"minecraft:leave_game":2,"minecraft:time_since_death":116005,"minecraft:sleep_in_bed":1,"minecraft:climb_one_cm":1948,"minecraft:time_since_rest":116038,"minecraft:damage_taken":1080,"minecraft:sprint_one_cm":271947,"minecraft:walk_one_cm":432246,"minecraft:trigger_trapped_chest":1,"minecraft:drop":17,"minecraft:swim_one_cm":1176,"minecraft:fly_one_cm":271927,"minecraft:open_chest":19,"minecraft:crouch_one_cm":1142,"minecraft:deaths":1,"minecraft:sneak_time":1005,"minecraft:walk_under_water_one_cm":5093,"minecraft:jump":2137,"minecraft:walk_on_water_one_cm":23876,"minecraft:fall_one_cm":46323}},"DataVersion":2586}