{"stats":{"minecraft:mined":{"minecraft:light_blue_stained_glass_pane":2,"pixelmon:sapphire_ore":14,"pixelmon:apricorn_leaves_black":10,"minecraft:diamond_ore":14,"minecraft:cobblestone_stairs":4,"pixelmon:ruby_ore":23,"minecraft:obsidian":20,"minecraft:granite":11,"pixelmon:platinum_ore":57,"minecraft:spruce_leaves":4,"minecraft:furnace":9,"pixelmon:fire_stone_ore":8,"minecraft:iron_ore":341,"minecraft:andesite":17,"pixelmon:bauxite_ore":134,"pixelmon:silver_ore":26,"minecraft:stone":631,"pixelmon:apricorn_leaves_white":41,"pixelmon:amethyst_ore":20,"minecraft:red_bed":1,"minecraft:crafting_table":4,"minecraft:torch":1,"pixelmon:apricorn_leaves_blue":12,"pixelmon:silicon_ore":33,"minecraft:cobblestone":8,"minecraft:lapis_ore":10,"minecraft:diorite":5,"minecraft:wall_torch":5,"minecraft:spruce_log":5,"pixelmon:apricorn_leaves_red":52,"minecraft:coal_ore":403,"minecraft:oak_log":24,"pixelmon:crystal_ore":47,"pixelmon:apricorn_leaves_yellow":15,"minecraft:dirt":4,"minecraft:stripped_birch_wood":3,"minecraft:gold_ore":35,"minecraft:fern":1},"minecraft:picked_up":{"minecraft:wooden_axe":1,"minecraft:wheat":1,"minecraft:crafting_table":4,"pixelmon:silicon_ore":33,"minecraft:wooden_pickaxe":1,"pixelmon:iron_base":1,"pixelmon:wacan_berry":1,"pixelmon:pink_pc":2,"pixelmon:rare_candy":5,"minecraft:red_bed":3,"pixelmon:aluminum_base":1,"minecraft:string":2,"minecraft:beetroot":6,"minecraft:spruce_planks":4,"minecraft:beef":8,"minecraft:furnace":10,"pixelmon:bauxite_ore":130,"pixelmon:black_apricorn":7,"minecraft:stick":6,"pixelmon:s_exp_candy":1,"pixelmon:fire_stone_shard":7,"minecraft:torch":10,"sophisticatedbackpacks:backpack":1,"pixelmon:belue_berry":1,"minecraft:stone_button":2,"minecraft:diorite":8,"minecraft:carrot":10,"pixelmon:crystal":46,"pixelmon:durin_berry":1,"pixelmon:nutpea_berry":1,"pixelmon:silver_ore":24,"minecraft:beetroot_seeds":9,"pixelmon:ruby":22,"pixelmon:red_apricorn":48,"minecraft:stripped_birch_wood":3,"minecraft:mutton":5,"minecraft:obsidian":20,"minecraft:cobblestone":626,"pixelmon:poke_ball_lid":2,"minecraft:andesite":24,"minecraft:potato":47,"pixelmon:poke_ball":62,"minecraft:oak_log":24,"minecraft:cobblestone_stairs":3,"minecraft:lapis_lazuli":73,"pixelmon:white_apricorn":32,"minecraft:dirt":4,"pixelmon:white_poke_bag":1,"minecraft:bone":2,"minecraft:wheat_seeds":2,"minecraft:iron_ingot":3,"minecraft:iron_ore":342,"minecraft:cobweb":1,"minecraft:oak_planks":1,"pixelmon:kuo_berry":1,"pixelmon:sapphire":14,"pixelmon:water_stone_sword":1,"pixelmon:yellow_apricorn":13,"minecraft:lava_bucket":1,"pixelmon:cooking_pot":1,"pixelmon:amethyst":20,"minecraft:spruce_log":5,"minecraft:gold_ore":35,"pixelmon:blue_apricorn":23,"minecraft:diamond":14,"minecraft:painting":2,"minecraft:granite":10,"minecraft:bone_meal":6,"minecraft:bread":55,"minecraft:emerald":12,"minecraft:baked_potato":31,"pixelmon:platinum_ore":54,"minecraft:coal":478},"minecraft:crafted":{"minecraft:oak_door":3,"minecraft:oak_planks":96,"pixelmon:platinum_ingot":12,"minecraft:furnace":5,"minecraft:cobblestone_stairs":12,"minecraft:stone":192,"pixelmon:aluminium_ingot":64,"minecraft:cooked_mutton":5,"minecraft:iron_axe":1,"minecraft:stone_pickaxe":2,"minecraft:cooked_beef":8,"minecraft:coal_block":18,"minecraft:crafting_table":3,"minecraft:spruce_planks":20,"pixelmon:poke_ball":2,"minecraft:birch_planks":12,"minecraft:stone_axe":1,"minecraft:oak_boat":1,"minecraft:diamond_pickaxe":1,"minecraft:stick":64,"minecraft:iron_ingot":232,"minecraft:iron_pickaxe":5,"minecraft:torch":36},"minecraft:dropped":{"minecraft:wheat_seeds":2,"minecraft:lapis_lazuli":9,"pixelmon:kuo_berry":1,"minecraft:granite":8,"pixelmon:nutpea_berry":1,"minecraft:emerald":6,"minecraft:red_bed":1,"minecraft:diorite":6,"minecraft:torch":2,"minecraft:stone_axe":1,"minecraft:carrot":5,"pixelmon:wacan_berry":1,"minecraft:andesite":20,"minecraft:beetroot_seeds":9,"pixelmon:belue_berry":1},"minecraft:used":{"minecraft:beetroot":3,"minecraft:spruce_planks":16,"minecraft:oak_door":1,"minecraft:torch":44,"minecraft:dirt":4,"minecraft:granite":2,"minecraft:wooden_axe":10,"minecraft:lava_bucket":1,"minecraft:iron_axe":4,"minecraft:furnace":9,"minecraft:cooked_mutton":5,"minecraft:water_bucket":42,"minecraft:diorite":2,"minecraft:cobblestone_stairs":4,"minecraft:stone_pickaxe":263,"minecraft:wooden_pickaxe":12,"minecraft:crafting_table":6,"minecraft:red_bed":1,"minecraft:painting":2,"minecraft:cake":1,"minecraft:diamond_pickaxe":352,"minecraft:bread":29,"minecraft:iron_pickaxe":1252,"minecraft:stone_axe":25,"minecraft:cobblestone":47,"minecraft:andesite":2,"minecraft:bucket":43,"minecraft:oak_boat":1,"minecraft:cobweb":1},"minecraft:broken":{"minecraft:stone_pickaxe":2,"minecraft:iron_pickaxe":5},"minecraft:custom":{"minecraft:interact_with_smithing_table":1,"minecraft:interact_with_crafting_table":31,"minecraft:open_barrel":32,"minecraft:eat_cake_slice":6,"minecraft:leave_game":2,"minecraft:time_since_death":278005,"minecraft:climb_one_cm":4434,"minecraft:sprint_one_cm":378248,"minecraft:walk_one_cm":913462,"minecraft:drop":31,"minecraft:deaths":1,"minecraft:sneak_time":7305,"minecraft:walk_under_water_one_cm":52840,"minecraft:boat_one_cm":121732,"minecraft:jump":4075,"minecraft:walk_on_water_one_cm":83783,"minecraft:interact_with_furnace":44,"minecraft:play_one_minute":334902,"minecraft:sleep_in_bed":1,"minecraft:time_since_rest":278038,"minecraft:damage_taken":1500,"minecraft:trigger_trapped_chest":1,"minecraft:swim_one_cm":21998,"minecraft:fly_one_cm":360181,"minecraft:open_chest":28,"minecraft:crouch_one_cm":6057,"minecraft:fall_one_cm":73042}},"DataVersion":2586}