{"stats":{"minecraft:mined":{"minecraft:light_blue_stained_glass_pane":2,"minecraft:diamond_ore":14,"pixelmon:apricorn_leaves_black":10,"pixelmon:amethyst_ore":17,"minecraft:red_bed":1,"minecraft:obsidian":20,"pixelmon:ruby_ore":21,"minecraft:crafting_table":2,"minecraft:granite":5,"pixelmon:silicon_ore":28,"pixelmon:apricorn_leaves_blue":12,"minecraft:cobblestone":3,"pixelmon:platinum_ore":57,"minecraft:spruce_leaves":2,"minecraft:lapis_ore":10,"minecraft:diorite":4,"minecraft:wall_torch":2,"minecraft:furnace":4,"pixelmon:fire_stone_ore":8,"minecraft:iron_ore":289,"minecraft:spruce_log":5,"minecraft:andesite":14,"pixelmon:apricorn_leaves_red":16,"minecraft:oak_log":24,"minecraft:coal_ore":308,"pixelmon:crystal_ore":34,"pixelmon:apricorn_leaves_yellow":15,"pixelmon:bauxite_ore":89,"minecraft:stripped_birch_wood":3,"minecraft:stone":476,"pixelmon:silver_ore":26,"pixelmon:sapphire_ore":13,"minecraft:gold_ore":30,"pixelmon:apricorn_leaves_white":11,"minecraft:fern":1},"minecraft:picked_up":{"minecraft:wooden_axe":1,"minecraft:crafting_table":2,"minecraft:wheat":1,"pixelmon:silicon_ore":28,"minecraft:andesite":24,"minecraft:wooden_pickaxe":1,"minecraft:potato":47,"pixelmon:poke_ball":62,"pixelmon:iron_base":1,"pixelmon:pink_pc":2,"minecraft:oak_log":24,"pixelmon:wacan_berry":1,"pixelmon:aluminum_base":1,"pixelmon:rare_candy":5,"minecraft:lapis_lazuli":73,"pixelmon:white_apricorn":7,"minecraft:string":2,"minecraft:red_bed":3,"pixelmon:white_poke_bag":1,"minecraft:bone":2,"minecraft:beetroot":6,"minecraft:wheat_seeds":2,"minecraft:spruce_planks":4,"minecraft:beef":8,"minecraft:cobweb":1,"minecraft:iron_ore":278,"pixelmon:sapphire":13,"pixelmon:kuo_berry":1,"minecraft:oak_planks":1,"pixelmon:yellow_apricorn":13,"minecraft:furnace":5,"pixelmon:bauxite_ore":85,"pixelmon:black_apricorn":7,"minecraft:stick":6,"pixelmon:s_exp_candy":1,"pixelmon:fire_stone_shard":7,"minecraft:torch":4,"pixelmon:cooking_pot":1,"sophisticatedbackpacks:backpack":1,"minecraft:lava_bucket":1,"pixelmon:belue_berry":1,"pixelmon:amethyst":17,"minecraft:stone_button":2,"minecraft:diorite":7,"minecraft:carrot":10,"minecraft:spruce_log":5,"minecraft:gold_ore":30,"pixelmon:blue_apricorn":23,"pixelmon:crystal":34,"pixelmon:durin_berry":1,"pixelmon:nutpea_berry":1,"pixelmon:silver_ore":24,"minecraft:diamond":14,"minecraft:beetroot_seeds":9,"minecraft:granite":9,"minecraft:painting":1,"pixelmon:ruby":20,"minecraft:bone_meal":6,"pixelmon:poke_ball_lid":2,"minecraft:emerald":12,"minecraft:bread":55,"pixelmon:red_apricorn":16,"pixelmon:platinum_ore":54,"minecraft:baked_potato":31,"minecraft:obsidian":20,"minecraft:stripped_birch_wood":3,"minecraft:mutton":5,"minecraft:coal":317,"minecraft:cobblestone":468},"minecraft:crafted":{"minecraft:cooked_beef":8,"minecraft:coal_block":18,"minecraft:oak_planks":96,"minecraft:crafting_table":3,"minecraft:spruce_planks":20,"pixelmon:platinum_ingot":12,"pixelmon:poke_ball":2,"minecraft:furnace":5,"minecraft:stone":64,"minecraft:birch_planks":12,"minecraft:stone_axe":1,"minecraft:cooked_mutton":5,"minecraft:diamond_pickaxe":1,"minecraft:iron_axe":1,"minecraft:stick":64,"minecraft:iron_ingot":143,"minecraft:iron_pickaxe":5,"minecraft:stone_pickaxe":2,"minecraft:torch":36},"minecraft:dropped":{"minecraft:stone_axe":1,"minecraft:wheat_seeds":2,"minecraft:lapis_lazuli":9,"pixelmon:kuo_berry":1,"minecraft:granite":8,"minecraft:carrot":5,"pixelmon:nutpea_berry":1,"minecraft:emerald":6,"pixelmon:wacan_berry":1,"minecraft:red_bed":1,"minecraft:diorite":6,"minecraft:torch":1,"minecraft:andesite":20,"minecraft:beetroot_seeds":9,"pixelmon:belue_berry":1},"minecraft:used":{"minecraft:water_bucket":41,"minecraft:stone_pickaxe":263,"minecraft:spruce_planks":16,"minecraft:wooden_pickaxe":12,"minecraft:torch":27,"minecraft:crafting_table":4,"minecraft:red_bed":1,"minecraft:painting":1,"minecraft:cake":1,"minecraft:wooden_axe":10,"minecraft:diamond_pickaxe":260,"minecraft:lava_bucket":1,"minecraft:iron_axe":1,"minecraft:bread":26,"minecraft:iron_pickaxe":939,"minecraft:stone_axe":25,"minecraft:cobblestone":40,"minecraft:furnace":9,"minecraft:bucket":42,"minecraft:andesite":2,"minecraft:beetroot":3,"minecraft:cooked_mutton":3,"minecraft:cobweb":1},"minecraft:broken":{"minecraft:stone_pickaxe":2,"minecraft:iron_pickaxe":3},"minecraft:custom":{"minecraft:interact_with_furnace":39,"minecraft:interact_with_crafting_table":26,"minecraft:open_barrel":32,"minecraft:play_one_minute":274902,"minecraft:eat_cake_slice":6,"minecraft:leave_game":2,"minecraft:time_since_death":218005,"minecraft:sleep_in_bed":1,"minecraft:climb_one_cm":1948,"minecraft:time_since_rest":218038,"minecraft:damage_taken":1350,"minecraft:sprint_one_cm":308771,"minecraft:walk_one_cm":723999,"minecraft:trigger_trapped_chest":1,"minecraft:drop":30,"minecraft:swim_one_cm":2303,"minecraft:fly_one_cm":295586,"minecraft:open_chest":23,"minecraft:crouch_one_cm":5484,"minecraft:deaths":1,"minecraft:sneak_time":7034,"minecraft:walk_under_water_one_cm":38139,"minecraft:jump":3299,"minecraft:walk_on_water_one_cm":74971,"minecraft:fall_one_cm":60677}},"DataVersion":2586}