{"stats":{"minecraft:used":{"minecraft:wooden_axe":7,"minecraft:bread":4,"minecraft:wooden_pickaxe":2,"minecraft:painting":1,"minecraft:cake":1},"minecraft:picked_up":{"minecraft:bone":1,"pixelmon:poke_ball":20,"minecraft:painting":1,"minecraft:bone_meal":3,"pixelmon:pink_pc":1,"minecraft:spruce_log":5,"minecraft:furnace":1},"minecraft:custom":{"minecraft:open_barrel":10,"minecraft:open_chest":7,"minecraft:time_since_rest":29901,"minecraft:play_one_minute":29901,"minecraft:crouch_one_cm":1,"minecraft:interact_with_furnace":1,"minecraft:sprint_one_cm":55722,"minecraft:damage_taken":230,"minecraft:walk_one_cm":88052,"minecraft:sneak_time":245,"minecraft:jump":383,"minecraft:eat_cake_slice":6,"minecraft:time_since_death":29901,"minecraft:walk_on_water_one_cm":1188,"minecraft:climb_one_cm":834,"minecraft:fall_one_cm":9143,"minecraft:fly_one_cm":52528},"minecraft:mined":{"minecraft:light_blue_stained_glass_pane":2,"minecraft:furnace":1,"minecraft:spruce_leaves":2,"minecraft:spruce_log":5}},"DataVersion":2586}