{"stats":{"minecraft:mined":{"minecraft:andesite":3,"minecraft:crafting_table":3,"minecraft:grass":2,"minecraft:coal_ore":19,"minecraft:oak_log":8,"minecraft:tall_grass":2,"minecraft:stone":129},"minecraft:picked_up":{"minecraft:crafting_table":3,"minecraft:wheat":1,"minecraft:andesite":3,"minecraft:oak_log":12,"pixelmon:pink_pc":1,"minecraft:wheat_seeds":9,"minecraft:coal":19,"minecraft:cobblestone":129},"minecraft:crafted":{"minecraft:oak_planks":16,"minecraft:crafting_table":1,"minecraft:stick":12,"minecraft:stone_pickaxe":2,"minecraft:stone_axe":1},"minecraft:dropped":{"minecraft:wheat_seeds":9,"minecraft:oak_log":8,"minecraft:wheat":1},"minecraft:used":{"minecraft:wooden_axe":10,"minecraft:bread":4,"minecraft:stone_pickaxe":131,"minecraft:wooden_pickaxe":21,"minecraft:stone_axe":4,"minecraft:cobblestone":16,"minecraft:crafting_table":3},"minecraft:broken":{"minecraft:stone_pickaxe":1},"minecraft:custom":{"minecraft:time_since_rest":32487,"minecraft:sprint_one_cm":39644,"minecraft:damage_taken":210,"minecraft:walk_one_cm":85442,"minecraft:drop":5,"minecraft:interact_with_crafting_table":4,"minecraft:fly_one_cm":50335,"minecraft:open_barrel":14,"minecraft:open_chest":10,"minecraft:play_one_minute":32487,"minecraft:crouch_one_cm":1663,"minecraft:sneak_time":450,"minecraft:walk_under_water_one_cm":111,"minecraft:jump":384,"minecraft:leave_game":2,"minecraft:walk_on_water_one_cm":430,"minecraft:time_since_death":32487,"minecraft:climb_one_cm":551,"minecraft:fall_one_cm":8634}},"DataVersion":2586}