{"stats":{"minecraft:picked_up":{"minecraft:crafting_table":1,"minecraft:wheat":1,"minecraft:wheat_seeds":9,"pixelmon:pink_pc":1,"minecraft:cobblestone":3},"minecraft:mined":{"minecraft:grass":1,"minecraft:stone":3,"minecraft:crafting_table":1},"minecraft:dropped":{"minecraft:wheat_seeds":9,"minecraft:wheat":1},"minecraft:used":{"minecraft:wooden_axe":1,"minecraft:bread":2,"minecraft:wooden_pickaxe":4},"minecraft:custom":{"minecraft:open_barrel":14,"minecraft:time_since_rest":16061,"minecraft:open_chest":10,"minecraft:play_one_minute":16061,"minecraft:crouch_one_cm":14,"minecraft:sprint_one_cm":26881,"minecraft:damage_taken":60,"minecraft:walk_one_cm":36142,"minecraft:sneak_time":55,"minecraft:walk_under_water_one_cm":111,"minecraft:drop":3,"minecraft:jump":194,"minecraft:leave_game":1,"minecraft:walk_on_water_one_cm":430,"minecraft:time_since_death":16061,"minecraft:climb_one_cm":551,"minecraft:fall_one_cm":5059,"minecraft:fly_one_cm":36252}},"DataVersion":2586}