{"stats":{"minecraft:mined":{"minecraft:grass":5,"minecraft:coarse_dirt":1,"minecraft:carrots":33,"minecraft:dark_oak_leaves":2,"minecraft:tall_grass":1,"minecraft:wheat":105,"minecraft:spruce_wood":2},"minecraft:picked_up":{"minecraft:dark_oak_sapling":1,"minecraft:coarse_dirt":1,"minecraft:wheat":94,"minecraft:wheat_seeds":266,"minecraft:spruce_wood":2,"minecraft:dark_oak_sign":1,"minecraft:carrot":113},"minecraft:used":{"minecraft:wooden_axe":110,"minecraft:bread":2},"minecraft:custom":{"minecraft:open_barrel":7,"minecraft:open_chest":9,"minecraft:time_since_rest":17587,"minecraft:play_one_minute":17587,"minecraft:crouch_one_cm":1485,"minecraft:sprint_one_cm":79923,"minecraft:damage_taken":20,"minecraft:walk_one_cm":39212,"minecraft:sneak_time":780,"minecraft:walk_under_water_one_cm":473,"minecraft:jump":387,"minecraft:damage_dealt":20,"minecraft:walk_on_water_one_cm":918,"minecraft:time_since_death":17587,"minecraft:swim_one_cm":865,"minecraft:fall_one_cm":9020,"minecraft:fly_one_cm":102449}},"DataVersion":2586}