{"stats":{"minecraft:mined":{"minecraft:coarse_dirt":1,"minecraft:furnace":1,"minecraft:carrots":33,"minecraft:dark_oak_leaves":2,"minecraft:wheat":105,"minecraft:andesite":7,"minecraft:crafting_table":3,"minecraft:granite":2,"minecraft:grass":6,"minecraft:coal_ore":10,"minecraft:tall_grass":1,"minecraft:spruce_wood":2,"minecraft:stone":75,"minecraft:diorite":7,"minecraft:oak_leaves":1},"minecraft:picked_up":{"minecraft:dark_oak_sapling":2,"minecraft:coarse_dirt":2,"minecraft:crafting_table":3,"minecraft:wheat":94,"minecraft:andesite":15,"minecraft:oak_log":4,"minecraft:carrot":113,"minecraft:wheat_seeds":564,"minecraft:spruce_wood":2,"minecraft:granite":2,"minecraft:dark_oak_sign":2,"minecraft:coal":10,"minecraft:cobblestone":75,"minecraft:furnace":1},"minecraft:crafted":{"minecraft:oak_planks":16,"minecraft:crafting_table":1,"minecraft:spruce_planks":8,"minecraft:stick":32,"minecraft:stone_pickaxe":2,"minecraft:furnace":1,"minecraft:torch":40,"minecraft:bread":31},"minecraft:dropped":{"minecraft:wheat_seeds":266,"minecraft:coarse_dirt":1,"minecraft:dark_oak_sign":1,"minecraft:andesite":8,"minecraft:dark_oak_sapling":1},"minecraft:used":{"minecraft:wooden_axe":113,"minecraft:stone_pickaxe":45,"minecraft:bread":5,"minecraft:oak_planks":1,"minecraft:wooden_pickaxe":59,"minecraft:torch":2,"minecraft:cobblestone":1,"minecraft:crafting_table":3,"minecraft:furnace":1},"minecraft:broken":{"minecraft:wooden_pickaxe":1},"minecraft:custom":{"minecraft:time_since_rest":8751,"minecraft:interact_with_furnace":2,"minecraft:sprint_one_cm":116978,"minecraft:damage_taken":390,"minecraft:walk_one_cm":96258,"minecraft:drop":10,"minecraft:damage_dealt":20,"minecraft:swim_one_cm":2163,"minecraft:interact_with_crafting_table":5,"minecraft:fly_one_cm":170998,"minecraft:open_barrel":7,"minecraft:open_chest":9,"minecraft:play_one_minute":38759,"minecraft:crouch_one_cm":2867,"minecraft:deaths":1,"minecraft:sneak_time":1081,"minecraft:walk_under_water_one_cm":1265,"minecraft:jump":769,"minecraft:leave_game":2,"minecraft:time_since_death":8322,"minecraft:walk_on_water_one_cm":5668,"minecraft:climb_one_cm":58,"minecraft:fall_one_cm":18401}},"DataVersion":2586}