{
  "pixelmon:recipes/machines/computer/brown_pc": {
    "criteria": {
      "has_pc": "2024-10-11 17:42:24 +0000"
    },
    "done": true
  },
  "pixelmon:recipes/curry/potato_pack": {
    "criteria": {
      "has_potato": "2024-10-11 17:40:03 +0000"
    },
    "done": true
  },
  "pixelmon:recipes/machines/computer/black_pc": {
    "criteria": {
      "has_pc": "2024-10-11 17:42:24 +0000"
    },
    "done": true
  },
  "minecraft:recipes/tools/wooden_axe": {
    "criteria": {
      "has_stick": "2024-10-11 17:42:44 +0000"
    },
    "done": true
  },
  "pixelmon:recipes/machines/trade_machine/trade_holder_left": {
    "criteria": {
      "has_poke_ball": "2024-10-11 17:38:14 +0000"
    },
    "done": true
  },
  "minecraft:recipes/redstone/lever": {
    "criteria": {
      "has_cobblestone": "2024-10-11 17:51:02 +0000"
    },
    "done": true
  },
  "minecraft:recipes/building_blocks/cobblestone_stairs_from_cobblestone_stonecutting": {
    "criteria": {
      "has_cobblestone": "2024-10-11 17:51:02 +0000"
    },
    "done": true
  },
  "pixelmon:recipes/pokeball/base/platinum_base": {
    "criteria": {
      "has_ingot": "2024-10-11 17:38:14 +0000"
    },
    "done": true
  },
  "pixelmon:recipes/pokeball/lid/repeat_ball_lid": {
    "criteria": {
      "has_poke_ball": "2024-10-11 17:38:14 +0000"
    },
    "done": true
  },
  "sophisticatedbackpacks:recipes/sophisticatedbackpacks/iron_backpack": {
    "criteria": {
      "has_backpack": "2024-10-11 17:38:14 +0000"
    },
    "done": true
  },
  "pixelmon:recipes/pokeball/lid/friend_ball_lid": {
    "criteria": {
      "has_poke_ball": "2024-10-11 17:38:14 +0000"
    },
    "done": true
  },
  "pixelmon:recipes/machines/computer/white_pc": {
    "criteria": {
      "has_pc": "2024-10-11 17:42:24 +0000"
    },
    "done": true
  },
  "minecraft:recipes/decorations/campfire": {
    "criteria": {
      "has_stick": "2024-10-11 17:42:44 +0000"
    },
    "done": true
  },
  "minecraft:recipes/food/bread": {
    "criteria": {
      "has_wheat": "2024-10-11 17:43:33 +0000"
    },
    "done": true
  },
  "pixelmon:types/capture_type_trigger": {
    "criteria": {
      "capture_any": "2024-10-11 17:39:28 +0000"
    },
    "done": true
  },
  "pixelmon:specs/eeveelution_capture_all": {
    "criteria": {
      "0": "2024-10-11 17:39:28 +0000",
      "1": "2024-10-11 17:39:28 +0000",
      "2": "2024-10-11 17:39:28 +0000",
      "3": "2024-10-11 17:39:28 +0000",
      "4": "2024-10-11 17:39:28 +0000",
      "5": "2024-10-11 17:39:28 +0000",
      "6": "2024-10-11 17:39:28 +0000",
      "7": "2024-10-11 17:39:28 +0000",
      "8": "2024-10-11 17:39:28 +0000"
    },
    "done": true
  },
  "pixelmon:recipes/pokeball/lid/net_ball_lid": {
    "criteria": {
      "has_poke_ball": "2024-10-11 17:38:14 +0000"
    },
    "done": true
  },
  "minecraft:recipes/decorations/ladder": {
    "criteria": {
      "has_stick": "2024-10-11 17:42:44 +0000"
    },
    "done": true
  },
  "minecraft:recipes/decorations/chest": {
    "criteria": {
      "has_lots_of_items": "2024-10-11 17:38:34 +0000"
    },
    "done": true
  },
  "pixelmon:wild_battle_victories/wild_battle_victory_trigger": {
    "criteria": {
      "wild_battle_victory_trigger": "2024-10-11 17:49:42 +0000"
    },
    "done": true
  },
  "minecraft:recipes/tools/wooden_shovel": {
    "criteria": {
      "has_stick": "2024-10-11 17:42:44 +0000"
    },
    "done": true
  },
  "pixelmon:recipes/pokeball/lid/lure_ball_lid": {
    "criteria": {
      "has_poke_ball": "2024-10-11 17:38:14 +0000"
    },
    "done": true
  },
  "pixelmon:specs/clobbopus_jump_capture_all": {
    "criteria": {
      "0": "2024-10-11 17:39:28 +0000"
    },
    "done": false
  },
  "minecraft:recipes/transportation/spruce_boat": {
    "criteria": {
      "in_water": "2024-10-11 17:44:22 +0000"
    },
    "done": true
  },
  "pixelmon:recipes/pokeball/lid/premier_ball_lid": {
    "criteria": {
      "has_poke_ball": "2024-10-11 17:38:14 +0000"
    },
    "done": true
  },
  "pixelmon:recipes/pokeball/lid/quick_ball_lid": {
    "criteria": {
      "has_poke_ball": "2024-10-11 17:38:14 +0000"
    },
    "done": true
  },
  "pixelmon:recipes/infuser/juice/colorful_juice": {
    "criteria": {
      "has_juice_berry_3": "2024-10-11 17:42:01 +0000"
    },
    "done": true
  },
  "minecraft:recipes/combat/wooden_sword": {
    "criteria": {
      "has_stick": "2024-10-11 17:42:44 +0000"
    },
    "done": true
  },
  "minecraft:recipes/tools/stone_shovel": {
    "criteria": {
      "has_cobblestone": "2024-10-11 17:51:02 +0000"
    },
    "done": true
  },
  "pixelmon:recipes/pokeball/lid/dusk_ball_lid": {
    "criteria": {
      "has_poke_ball": "2024-10-11 17:38:14 +0000"
    },
    "done": true
  },
  "pixelmon:recipes/pokeball/lid/heavy_ball_lid": {
    "criteria": {
      "has_poke_ball": "2024-10-11 17:38:14 +0000"
    },
    "done": true
  },
  "pixelmon:recipes/pokeball/lid/safari_ball_lid": {
    "criteria": {
      "has_poke_ball": "2024-10-11 17:38:14 +0000"
    },
    "done": true
  },
  "minecraft:recipes/building_blocks/emerald_block": {
    "criteria": {
      "has_emerald": "2024-10-11 17:42:01 +0000"
    },
    "done": true
  },
  "pixelmon:balls/ball_capture_trigger": {
    "criteria": {
      "ball_capture_poke_ball": "2024-10-11 17:39:28 +0000"
    },
    "done": true
  },
  "pixelmon:recipes/machines/computer/pink_pc": {
    "criteria": {
      "has_pc": "2024-10-11 17:42:24 +0000"
    },
    "done": true
  },
  "pixelmon:recipes/machines/computer/green_pc": {
    "criteria": {
      "has_pc": "2024-10-11 17:42:24 +0000"
    },
    "done": true
  },
  "pixelmon:recipes/decor/household_items/mug_ball": {
    "criteria": {
      "has_poke_ball": "2024-10-11 17:38:14 +0000"
    },
    "done": true
  },
  "pixelmon:recipes/pokeball/lid/luxury_ball_lid": {
    "criteria": {
      "has_poke_ball": "2024-10-11 17:38:14 +0000"
    },
    "done": true
  },
  "pixelmon:recipes/pokeball/lid/moon_ball_lid": {
    "criteria": {
      "has_poke_ball": "2024-10-11 17:38:14 +0000"
    },
    "done": true
  },
  "minecraft:husbandry/balanced_diet": {
    "criteria": {
      "bread": "2024-10-11 17:47:36 +0000"
    },
    "done": false
  },
  "minecraft:recipes/tools/wooden_hoe": {
    "criteria": {
      "has_stick": "2024-10-11 17:42:44 +0000"
    },
    "done": true
  },
  "pixelmon:recipes/pokeball/lid/fast_ball_lid": {
    "criteria": {
      "has_poke_ball": "2024-10-11 17:38:14 +0000"
    },
    "done": true
  },
  "sophisticatedbackpacks:recipes/sophisticatedbackpacks/blasting_upgrade_from_smelting_upgrade": {
    "criteria": {
      "has_smelting_upgrade": "2024-10-11 17:38:14 +0000"
    },
    "done": true
  },
  "minecraft:recipes/building_blocks/cobblestone_slab": {
    "criteria": {
      "has_cobblestone": "2024-10-11 17:51:02 +0000"
    },
    "done": true
  },
  "pixelmon:recipes/decor/household_items/end_table": {
    "criteria": {
      "has_crafting_table": "2024-10-11 17:42:10 +0000"
    },
    "done": true
  },
  "pixelmon:pokedex/pokedex_trigger": {
    "criteria": {
      "pokedex_base": "2024-10-11 17:38:32 +0000"
    },
    "done": true
  },
  "minecraft:recipes/building_blocks/cobblestone_stairs": {
    "criteria": {
      "has_cobblestone": "2024-10-11 17:51:02 +0000"
    },
    "done": true
  },
  "pixelmon:recipes/equipment/reveal_glass": {
    "criteria": {
      "has_emerald": "2024-10-11 17:42:01 +0000"
    },
    "done": true
  },
  "pixelmon:recipes/pokeball/lid/sport_ball_lid": {
    "criteria": {
      "has_poke_ball": "2024-10-11 17:38:14 +0000"
    },
    "done": true
  },
  "minecraft:story/root": {
    "criteria": {
      "crafting_table": "2024-10-11 17:42:10 +0000"
    },
    "done": true
  },
  "pixelmon:recipes/machines/computer/cyan_pc": {
    "criteria": {
      "has_pc": "2024-10-11 17:42:24 +0000"
    },
    "done": true
  },
  "minecraft:recipes/combat/crossbow": {
    "criteria": {
      "has_stick": "2024-10-11 17:42:44 +0000"
    },
    "done": true
  },
  "pixelmon:recipes/machines/trade_machine/trade_panel": {
    "criteria": {
      "has_poke_ball": "2024-10-11 17:38:14 +0000"
    },
    "done": true
  },
  "sophisticatedbackpacks:recipes/sophisticatedbackpacks/smoking_upgrade": {
    "criteria": {
      "has_upgrade_base": "2024-10-11 17:38:14 +0000"
    },
    "done": true
  },
  "minecraft:recipes/building_blocks/hay_block": {
    "criteria": {
      "has_wheat": "2024-10-11 17:43:33 +0000"
    },
    "done": true
  },
  "pixelmon:recipes/pokeball/lid/love_ball_lid": {
    "criteria": {
      "has_poke_ball": "2024-10-11 17:38:14 +0000"
    },
    "done": true
  },
  "sophisticatedbackpacks:recipes/sophisticatedbackpacks/blasting_upgrade": {
    "criteria": {
      "has_upgrade_base": "2024-10-11 17:38:14 +0000"
    },
    "done": true
  },
  "sophisticatedbackpacks:recipes/sophisticatedbackpacks/auto_smoking_upgrade": {
    "criteria": {
      "has_smoking_upgrade": "2024-10-11 17:38:14 +0000"
    },
    "done": true
  },
  "pixelmon:recipes/machines/trade_machine/trade_holder_right": {
    "criteria": {
      "has_poke_ball": "2024-10-11 17:38:14 +0000"
    },
    "done": true
  },
  "pixelmon:recipes/pokeball/base/aluminum_base": {
    "criteria": {
      "has_ingot": "2024-10-11 17:38:14 +0000"
    },
    "done": true
  },
  "pixelmon:recipes/machines/computer/blue_pc": {
    "criteria": {
      "has_pc": "2024-10-11 17:42:24 +0000"
    },
    "done": true
  },
  "pixelmon:recipes/machines/computer/light_blue_pc": {
    "criteria": {
      "has_pc": "2024-10-11 17:42:24 +0000"
    },
    "done": true
  },
  "pixelmon:recipes/pokeball/base/iron_base": {
    "criteria": {
      "has_ingot": "2024-10-11 17:38:14 +0000"
    },
    "done": true
  },
  "pixelmon:recipes/pokeball/lid/timer_ball_lid": {
    "criteria": {
      "has_poke_ball": "2024-10-11 17:38:14 +0000"
    },
    "done": true
  },
  "pixelmon:specs/spec_trigger": {
    "criteria": {
      "unown_capture_all": "2024-10-11 17:39:28 +0000",
      "eeveelution_capture_all": "2024-10-11 17:39:28 +0000",
      "minior_capture_all": "2024-10-11 17:39:28 +0000"
    },
    "done": true
  },
  "minecraft:story/mine_stone": {
    "criteria": {
      "get_stone": "2024-10-11 17:51:02 +0000"
    },
    "done": true
  },
  "minecraft:recipes/building_blocks/stone": {
    "criteria": {
      "has_cobblestone": "2024-10-11 17:51:02 +0000"
    },
    "done": true
  },
  "pixelmon:recipes/pokeball/base/wooden_base": {
    "criteria": {
      "has_slab": "2024-10-11 17:38:14 +0000"
    },
    "done": true
  },
  "minecraft:recipes/decorations/furnace": {
    "criteria": {
      "has_cobblestone": "2024-10-11 17:51:02 +0000"
    },
    "done": true
  },
  "pixelmon:recipes/pokeball/lid/level_ball_lid": {
    "criteria": {
      "has_poke_ball": "2024-10-11 17:38:14 +0000"
    },
    "done": true
  },
  "pixelmon:recipes/machines/trade_machine/trade_monitor": {
    "criteria": {
      "has_poke_ball": "2024-10-11 17:38:14 +0000"
    },
    "done": true
  },
  "minecraft:adventure/adventuring_time": {
    "criteria": {
      "minecraft:mountains": "2024-10-11 17:48:34 +0000",
      "minecraft:river": "2024-10-11 17:48:27 +0000",
      "minecraft:wooded_mountains": "2024-10-11 17:51:10 +0000",
      "minecraft:wooded_hills": "2024-10-11 17:40:44 +0000",
      "minecraft:plains": "2024-10-11 17:38:14 +0000"
    },
    "done": false
  },
  "pixelmon:recipes/machines/computer/purple_pc": {
    "criteria": {
      "has_pc": "2024-10-11 17:42:24 +0000"
    },
    "done": true
  },
  "pixelmon:recipes/infuser/juice/red_juice": {
    "criteria": {
      "has_red_juice_berry_3": "2024-10-11 17:42:01 +0000"
    },
    "done": true
  },
  "minecraft:recipes/tools/wooden_pickaxe": {
    "criteria": {
      "has_stick": "2024-10-11 17:42:44 +0000"
    },
    "done": true
  },
  "minecraft:recipes/building_blocks/cobblestone_slab_from_cobblestone_stonecutting": {
    "criteria": {
      "has_cobblestone": "2024-10-11 17:51:02 +0000"
    },
    "done": true
  },
  "sophisticatedbackpacks:recipes/sophisticatedbackpacks/smoking_upgrade_from_smelting_upgrade": {
    "criteria": {
      "has_smelting_upgrade": "2024-10-11 17:38:14 +0000"
    },
    "done": true
  },
  "minecraft:husbandry/root": {
    "criteria": {
      "consumed_item": "2024-10-11 17:47:36 +0000"
    },
    "done": true
  },
  "minecraft:recipes/transportation/birch_boat": {
    "criteria": {
      "in_water": "2024-10-11 17:44:22 +0000"
    },
    "done": true
  },
  "minecraft:recipes/combat/stone_sword": {
    "criteria": {
      "has_cobblestone": "2024-10-11 17:51:02 +0000"
    },
    "done": true
  },
  "minecraft:recipes/decorations/cobblestone_wall": {
    "criteria": {
      "has_cobblestone": "2024-10-11 17:51:02 +0000"
    },
    "done": true
  },
  "minecraft:recipes/transportation/acacia_boat": {
    "criteria": {
      "in_water": "2024-10-11 17:44:22 +0000"
    },
    "done": true
  },
  "minecraft:recipes/tools/stone_pickaxe": {
    "criteria": {
      "has_cobblestone": "2024-10-11 17:51:02 +0000"
    },
    "done": true
  },
  "pixelmon:recipes/machines/computer/orange_pc": {
    "criteria": {
      "has_pc": "2024-10-11 17:42:24 +0000"
    },
    "done": true
  },
  "sophisticatedbackpacks:recipes/sophisticatedbackpacks/auto_blasting_upgrade_from_auto_smelting_upgrade": {
    "criteria": {
      "has_auto_smelting_upgrade": "2024-10-11 17:38:14 +0000"
    },
    "done": true
  },
  "minecraft:recipes/transportation/jungle_boat": {
    "criteria": {
      "in_water": "2024-10-11 17:44:22 +0000"
    },
    "done": true
  },
  "minecraft:recipes/decorations/cobblestone_wall_from_cobblestone_stonecutting": {
    "criteria": {
      "has_cobblestone": "2024-10-11 17:51:02 +0000"
    },
    "done": true
  },
  "pixelmon:recipes/machines/computer/red_pc": {
    "criteria": {
      "has_pc": "2024-10-11 17:42:24 +0000"
    },
    "done": true
  },
  "pixelmon:recipes/machines/reassembly_unit": {
    "criteria": {
      "has_emerald": "2024-10-11 17:42:01 +0000"
    },
    "done": true
  },
  "pixelmon:specs/spheal_jump_capture_all": {
    "criteria": {
      "0": "2024-10-11 17:39:28 +0000"
    },
    "done": false
  },
  "pixelmon:recipes/machines/computer/magenta_pc": {
    "criteria": {
      "has_pc": "2024-10-11 17:42:24 +0000"
    },
    "done": true
  },
  "minecraft:recipes/tools/stone_hoe": {
    "criteria": {
      "has_cobblestone": "2024-10-11 17:51:02 +0000"
    },
    "done": true
  },
  "minecraft:recipes/transportation/dark_oak_boat": {
    "criteria": {
      "in_water": "2024-10-11 17:44:22 +0000"
    },
    "done": true
  },
  "minecraft:recipes/food/baked_potato_from_smoking": {
    "criteria": {
      "has_potato": "2024-10-11 17:40:03 +0000"
    },
    "done": true
  },
  "pixelmon:recipes/pokeball/base/silver_base": {
    "criteria": {
      "has_ingot": "2024-10-11 17:38:14 +0000"
    },
    "done": true
  },
  "sophisticatedbackpacks:recipes/sophisticatedbackpacks/auto_smoking_upgrade_from_auto_smelting_upgrade": {
    "criteria": {
      "has_auto_smelting_upgrade": "2024-10-11 17:38:14 +0000"
    },
    "done": true
  },
  "pixelmon:recipes/curry/toast": {
    "criteria": {
      "has_bread": "2024-10-11 17:38:14 +0000"
    },
    "done": true
  },
  "pixelmon:recipes/machines/computer/light_gray_pc": {
    "criteria": {
      "has_pc": "2024-10-11 17:42:24 +0000"
    },
    "done": true
  },
  "minecraft:recipes/food/baked_potato": {
    "criteria": {
      "has_potato": "2024-10-11 17:40:03 +0000"
    },
    "done": true
  },
  "sophisticatedbackpacks:recipes/sophisticatedbackpacks/auto_blasting_upgrade": {
    "criteria": {
      "has_blasting_upgrade": "2024-10-11 17:38:14 +0000"
    },
    "done": true
  },
  "pixelmon:recipes/equipment/film": {
    "criteria": {
      "has_camera": "2024-10-11 17:42:44 +0000"
    },
    "done": true
  },
  "pixelmon:recipes/machines/computer/yellow_pc": {
    "criteria": {
      "has_pc": "2024-10-11 17:42:24 +0000"
    },
    "done": true
  },
  "pixelmon:recipes/machines/computer/gray_pc": {
    "criteria": {
      "has_pc": "2024-10-11 17:42:24 +0000"
    },
    "done": true
  },
  "pixelmon:specs/magikarp_jump_capture_all": {
    "criteria": {
      "0": "2024-10-11 17:39:28 +0000"
    },
    "done": false
  },
  "pixelmon:recipes/machines/computer/pc": {
    "criteria": {
      "has_pc": "2024-10-11 17:42:24 +0000"
    },
    "done": true
  },
  "pixelmon:recipes/equipment/vanilla/stone_hammer": {
    "criteria": {
      "has_cobblestone": "2024-10-11 17:51:02 +0000"
    },
    "done": true
  },
  "minecraft:recipes/transportation/oak_boat": {
    "criteria": {
      "in_water": "2024-10-11 17:44:22 +0000"
    },
    "done": true
  },
  "minecraft:recipes/decorations/soul_campfire": {
    "criteria": {
      "has_stick": "2024-10-11 17:42:44 +0000"
    },
    "done": true
  },
  "pixelmon:recipes/machines/computer/lime_pc": {
    "criteria": {
      "has_pc": "2024-10-11 17:42:24 +0000"
    },
    "done": true
  },
  "minecraft:recipes/tools/stone_axe": {
    "criteria": {
      "has_cobblestone": "2024-10-11 17:51:02 +0000"
    },
    "done": true
  },
  "pixelmon:recipes/pokeball/lid/dive_ball_lid": {
    "criteria": {
      "has_poke_ball": "2024-10-11 17:38:14 +0000"
    },
    "done": true
  },
  "minecraft:recipes/food/baked_potato_from_campfire_cooking": {
    "criteria": {
      "has_potato": "2024-10-11 17:40:03 +0000"
    },
    "done": true
  },
  "DataVersion": 2586
}